Codice unico,entità,SIC,canonical_species
5070,Acanthus mollis L. subsp. mollis,P,Acanthus mollis
564,Carpobrotus acinaciformis (L.) L.Bolus,P A INV,Carpobrotus acinaciformis
565,Carpobrotus edulis (L.) N.E.Br.,P A NAT,Carpobrotus edulis
8459,Drosanthemum floribundum (Haw.) Schwantes,P A CAS,Drosanthemum floribundum
11798,Lampranthus roseus (Willd.) Schwantes,P A CAS,Lampranthus roseus
8524,Malephora crocea (Jacq.) Schwantes,P A CAS,Malephora crocea
8525,Malephora lutea (Haw.) Schwantes,P A NAT,Malephora lutea
12924,"Mesembryanthemum ×vascosilvae (Gideon F.Sm., E.Laguna, Verloove & P.P.Ferrer) L.Sáez & Aymerich",P A NAT,Mesembryanthemum ×vascosilvae
569,Mesembryanthemum cordifolium L.f.,P A NAT,Mesembryanthemum cordifolium
567,Mesembryanthemum cristallinum L.,P,Mesembryanthemum cristallinum
566,Mesembryanthemum nodiflorum L.,P,Mesembryanthemum nodiflorum
573,Tetragonia tetragonoides (Pall.) Kuntze,P A NAT,Tetragonia tetragonoides
6676,Alisma lanceolatum With.,P,Alisma lanceolatum
6675,Alisma plantago-aquatica L.,P,Alisma plantago-aquatica
6681,Damasonium alisma Mill.,P,Damasonium alisma
6682,Damasonium bourgaei Coss.,P,Damasonium bourgaei
6683,Damasonium polyspermum Coss.,P,Damasonium polyspermum
551,Achyranthes sicula (L.) All.,P,Achyranthes sicula
9236,Alternanthera tenella Colla,P A CAS,Alternanthera tenella
538,Amaranthus albus L.,P A NAT,Amaranthus albus
535,Amaranthus blitoides S.Watson,P A NAT,Amaranthus blitoides
543,Amaranthus blitum L. subsp. blitum,P,Amaranthus blitum
541,Amaranthus deflexus L.,P A NAT,Amaranthus deflexus
9040,Amaranthus emarginatus Salzm. ex Uline & W.L.Bray subsp. emarginatus,P A NAT,Amaranthus emarginatus
9740,Amaranthus graecizans L.,(P),Amaranthus graecizans
539,Amaranthus graecizans L. subsp. silvestris (Vill.) Brenan,P,Amaranthus graecizans
11876,Amaranthus hybridus L.,(P A NAT),Amaranthus hybridus
529,Amaranthus hybridus L. subsp. caudatus (L.) Iamonico & Galasso,P A CAS,Amaranthus hybridus
530,Amaranthus hybridus L. subsp. cruentus (L.) Thell.,P A NAT,Amaranthus hybridus
531,Amaranthus hybridus L. subsp. hybridus,P A NAT,Amaranthus hybridus
547,Amaranthus hybridus L. subsp. hypochondriacus (L.) Thell.,P A CAS,Amaranthus hybridus
537,Amaranthus muricatus (Moq.) Gillies ex Hieron.,P A NAT,Amaranthus muricatus
533,Amaranthus retroflexus L.,P A NAT,Amaranthus retroflexus
542,Amaranthus viridis L.,P A NAT,Amaranthus viridis
12655,"Arthrocaulon meridionale Es.Ramírez, Rufo, Sánchez Mata, V.Fuente",P,Arthrocaulon meridionale
481,Atriplex halimus L.,P,Atriplex halimus
11603,Atriplex hortensis L.,(P A NAT),Atriplex hortensis
484,Atriplex hortensis L. subsp. hortensis,P A CAS,Atriplex hortensis
485,Atriplex hortensis L. subsp. nitens (Schkuhr) E.Pons,P A NAT,Atriplex hortensis
491,Atriplex patula L.,P,Atriplex patula
492,Atriplex prostrata Boucher ex DC.,P,Atriplex prostrata
487,Atriplex rosea L.,P,Atriplex rosea
488,Atriplex tatarica L.,P,Atriplex tatarica
489,Atriplex tornabenei Tineo ex Guss. subsp. tornabenei,P,Atriplex tornabenei
502,Bassia scoparia (L.) Voss,P A CAS,Bassia scoparia
450,Beta macrocarpa Guss.,P,Beta macrocarpa
447,Beta vulgaris L.,(P),Beta vulgaris
449,Beta vulgaris L. subsp. maritima (L.) Arcang.,P,Beta vulgaris
448,Beta vulgaris L. subsp. vulgaris,P A CAS,Beta vulgaris
457,Blitum bonus-henricus (L.) Rchb.,P,Blitum bonus-henricus
496,Camphorosma monspeliaca L. subsp. monspeliaca,P,Camphorosma monspeliaca
525,"Caroxylon agrigentinum (Guss.) C.Brullo, Brullo, Giusso, Guarino & Iamonico",P,Caroxylon agrigentinum
528,Celosia argentea L.,P A CAS,Celosia argentea
461,"Chenopodiastrum hybridum (L.) S.Fuentes, Uotila & Borsch",P,Chenopodiastrum hybridum
465,"Chenopodiastrum murale (L.) S.Fuentes, Uotila & Borsch",P,Chenopodiastrum murale
468,Chenopodium album L.,(P),Chenopodium album
469,Chenopodium album L. subsp. album,P,Chenopodium album
9284,Chenopodium betaceum Andrz.,P A CAS,Chenopodium betaceum
467,Chenopodium opulifolium Schrad. ex W.D.J.Koch & Ziz,P,Chenopodium opulifolium
463,Chenopodium vulvaria L.,P,Chenopodium vulvaria
504,Corispermum hyssopifolium L. group,P C,Corispermum hyssopifolium
455,Dysphania ambrosioides (L.) Mosyakin & Clemants,P A NAT,Dysphania ambrosioides
479,"Dysphania atriplicifolia (Spreng.) G.Kadereit, Sukhor. & Uotila",P A NAT,Dysphania atriplicifolia
453,Dysphania botrys (L.) Mosyakin & Clemants,P,Dysphania botrys
456,Dysphania multifida (L.) Mosyakin & Clemants,P A NAT,Dysphania multifida
8301,Dysphania pumilio (R.Br.) Mosyakin & Clemants,P A NAT,Dysphania pumilio
500,Eokochia saxicola (Guss.) Freitag & G.Kadereit,P,Eokochia saxicola
494,Halimione portulacoides (L.) Aellen,P,Halimione portulacoides
9853,Halocnemum cruciatum (Forssk.) Tod.,P,Halocnemum cruciatum
505,"Halopeplis amplexicaulis (Vahl) Ces., Pass. & Gibelli",P,Halopeplis amplexicaulis
462,"Lipandra polysperma (L.) S.Fuentes, Uotila & Borsch",P,Lipandra polysperma
458,"Oxybasis glauca (L.) S.Fuentes, Uotila & Borsch",P,Oxybasis glauca
464,"Oxybasis urbica (L.) S.Fuentes, Uotila & Borsch",P,Oxybasis urbica
452,Patellifolia procumbens (C.Sm.) A.J.Scott,P,Patellifolia procumbens
445,Polycnemum arvense L.,P,Polycnemum arvense
508,Salicornia fruticosa (L.) L.,P,Salicornia fruticosa
510,Salicornia perennans Willd. subsp. perennans,P,Salicornia perennans
9575,Salicornia perennis Mill.,(P),Salicornia perennis
9574,Salicornia perennis Mill. subsp. alpini (Lag.) Castrov.,P,Salicornia perennis
507,Salicornia perennis Mill. subsp. perennis,P,Salicornia perennis
511,Salicornia procumbens Sm. subsp. procumbens,P,Salicornia procumbens
523,Salsola squarrosa Steven ex Moq. subsp. controversa (Tod. ex Lojac.) Mosyakin,P,Salsola squarrosa
522,Salsola tragus L.,P,Salsola tragus
519,Soda inermis Fourr.,P,Soda inermis
526,Soda oppositifolia (Desf.) Akhani,P,Soda oppositifolia
516,Suaeda maritima (L.) Dumort.,P,Suaeda maritima
518,"Suaeda pelagica Bartolo, Brullo & Pavone",P,Suaeda pelagica
11840,Suaeda spicata (Willd.) Moq.,P,Suaeda spicata
514,Suaeda vera J.F.Gmel.,P,Suaeda vera
515,Suaeda vermiculata Forssk. ex J.F.Gmel.,P,Suaeda vermiculata
6982,Acis autumnalis (L.) Sweet,P,Acis autumnalis
9648,"Allium aetnense Brullo, Pavone & Salmeri",P,Allium aetnense
6937,Allium agrigentinum Brullo & Pavone,P,Allium agrigentinum
6927,Allium amethystinum Tausch,P,Allium amethystinum
6936,"Allium castellanense (Garbari, Miceli & Raimondo) Brullo, Guglielmo, Pavone & Salmeri",P,Allium castellanense
6900,Allium chamaemoly L. subsp. chamaemoly,P,Allium chamaemoly
6919,Allium commutatum Guss.,P,Allium commutatum
6905,Allium cupanii Raf.,P,Allium cupanii
6912,Allium flavum L. subsp. flavum,P,Allium flavum
6943,Allium franciniae Brullo & Pavone,P,Allium franciniae
6944,Allium hemisphaericum (Sommier) Brullo,P,Allium hemisphaericum
6910,Allium lehmannii Lojac.,P,Allium lehmannii
6931,Allium longispathum Redouté,P,Allium longispathum
6946,"Allium lopadusanum Bartolo, Brullo & Pavone",P,Allium lopadusanum
6895,Allium neapolitanum Cirillo,P,Allium neapolitanum
6929,Allium nebrodense Guss.,P,Allium nebrodense
6925,Allium nigrum L.,P,Allium nigrum
6906,Allium obtusiflorum Redouté,P,Allium obtusiflorum
6911,Allium oleraceum L. subsp. oleraceum,P,Allium oleraceum
6909,Allium pallens L.,P,Allium pallens
10495,"Allium panormitanum Brullo, Pavone & Salmeri",P,Allium panormitanum
10496,"Allium pelagicum Brullo, Pavone & Salmeri",P,Allium pelagicum
6899,Allium pendulinum Ten.,P,Allium pendulinum
8368,Allium polyanthum Schult. & Schult.f.,P,Allium polyanthum
6893,Allium roseum L. subsp. roseum,P,Allium roseum
6941,Allium sardoum Moris,P,Allium sardoum
6916,Allium sativum L.,P A CAS,Allium sativum
6951,Allium siculum Ucria,P,Allium siculum
9221,Allium sphaerocephalon L.,(P),Allium sphaerocephalon
6940,Allium sphaerocephalon L. subsp. arvense (Guss.) Arcang.,P,Allium sphaerocephalon
9222,Allium sphaerocephalon L. subsp. laxiflorum (Guss.) Giardina & Raimondo,P,Allium sphaerocephalon
6923,Allium sphaerocephalon L. subsp. sphaerocephalon,P,Allium sphaerocephalon
6896,Allium subhirsutum L. subsp. subhirsutum,P,Allium subhirsutum
6935,Allium trifoliatum Cirillo,P,Allium trifoliatum
6898,Allium triquetrum L.,P,Allium triquetrum
6901,Allium ursinum L.,P,Allium ursinum
6928,Allium vernale Tineo,P,Allium vernale
6924,Allium vineale L.,P,Allium vineale
6978,Amaryllis belladonna L.,P A NAT,Amaryllis belladonna
6990,Galanthus reginae-olgae Orph.,(P),Galanthus reginae-olgae
6991,Galanthus reginae-olgae Orph. subsp. reginae-olgae,P,Galanthus reginae-olgae
6992,Galanthus reginae-olgae Orph. subsp. vernalis Kamari,P,Galanthus reginae-olgae
6996,"Narcissus miniatus Donn.-Morg., Koop. & Zonn.",P,Narcissus miniatus
9400,Narcissus obsoletus (Haw.) Steud.,P,Narcissus obsoletus
7008,Narcissus papyraceus Ker Gawl.,P A CAS,Narcissus papyraceus
6997,Narcissus tazetta L.,(P),Narcissus tazetta
7000,Narcissus tazetta L. subsp. italicus (Ker Gawl.) Baker,P,Narcissus tazetta
6998,Narcissus tazetta L. subsp. tazetta,P,Narcissus tazetta
8532,Nothoscordum borbonicum Kunth,P A NAT,Nothoscordum borbonicum
8357,Nothoscordum gracile (Aiton) Stearn,P A CAS,Nothoscordum gracile
6993,Pancratium maritimum L.,P,Pancratium maritimum
6979,Sternbergia colchiciflora Waldst. & Kit.,P,Sternbergia colchiciflora
6980,Sternbergia lutea (L.) Ker Gawl. ex Spreng.,P,Sternbergia lutea
6981,Sternbergia sicula Tineo ex Guss.,P,Sternbergia sicula
3034,Pistacia lentiscus L.,P,Pistacia lentiscus
3032,Pistacia terebinthus L. subsp. terebinthus,P,Pistacia terebinthus
3027,Rhus coriaria L.,P C,Rhus coriaria
3029,Rhus pentaphylla (Jacq.) Desf.,P,Rhus pentaphylla
3030,Rhus tripartita (Ucria) Grande,P,Rhus tripartita
3035,Schinus molle L.,P A CAS,Schinus molle
3589,Ammi majus L.,P,Ammi majus
3592,Ammoides pusilla (Brot.) Breistr.,P,Ammoides pusilla
9820,Anethum foeniculum L.,P,Anethum foeniculum
3528,Anethum graveolens L.,P A CAS,Anethum graveolens
9819,Anethum piperitum Ucria,P,Anethum piperitum
3583,Anethum ridolfia Spalik & Reduron,P,Anethum ridolfia
3606,Angelica sylvestris L. subsp. sylvestris,P,Angelica sylvestris
3451,Anthriscus nemorosa (M.Bieb.) Spreng.,P,Anthriscus nemorosa
3575,Apium graveolens L.,P,Apium graveolens
3520,Athamanta sicula L.,P,Athamanta sicula
3488,Berula erecta (Huds.) Coville,P,Berula erecta
3465,Bifora radians M.Bieb.,P,Bifora radians
3464,Bifora testiculata (L.) Spreng.,P,Bifora testiculata
3611,Bonannia graeca (L.) Halácsy,P,Bonannia graeca
3470,Bunium bulbocastanum L.,P,Bunium bulbocastanum
3474,Bunium macuca Boiss.,P,Bunium macuca
9902,Bupleurum affine Sadler,P,Bupleurum affine
3550,Bupleurum baldense Turra,P,Bupleurum baldense
3566,Bupleurum dianthifolium Guss.,P,Bupleurum dianthifolium
3564,Bupleurum elatum Guss.,P,Bupleurum elatum
3567,Bupleurum fruticosum L.,P,Bupleurum fruticosum
3553,Bupleurum gerardi All.,P,Bupleurum gerardi
3569,Bupleurum odontites L.,P,Bupleurum odontites
3552,Bupleurum praealtum L.,P,Bupleurum praealtum
3568,Bupleurum rollii (Montel.) Moraldo,P,Bupleurum rollii
3545,Bupleurum rotundifolium L.,P A NAT,Bupleurum rotundifolium
3557,Bupleurum semicompositum L.,P,Bupleurum semicompositum
3547,Bupleurum subovatum Link ex Spreng.,P,Bupleurum subovatum
3555,Bupleurum tenuissimum L.,P,Bupleurum tenuissimum
3540,Cachrys cristata DC.,P,Cachrys cristata
3538,Cachrys libanotis L.,P,Cachrys libanotis
3539,Cachrys pungens Jan ex Guss.,P,Cachrys pungens
3537,Cachrys sicula L.,P,Cachrys sicula
3439,Chaerophyllum nodosum (L.) Crantz,P,Chaerophyllum nodosum
3448,Chaerophyllum temulum L.,P,Chaerophyllum temulum
3535,Conium maculatum L. subsp. maculatum,P,Conium maculatum
3489,Crithmum maritimum L.,P,Crithmum maritimum
3580,Cyclospermum leptophyllum (Pers.) Sprague ex Britton & P.Wilson,P A NAT,Cyclospermum leptophyllum
3691,Daucus aureus Desf.,P,Daucus aureus
3693,Daucus carota L.,(P),Daucus carota
3694,Daucus carota L. subsp. carota,P,Daucus carota
3699,Daucus carota L. subsp. commutatus (Paol.) Thell.,P,Daucus carota
3700,Daucus carota L. subsp. drepanensis (Arcang.) Heywood,P,Daucus carota
9522,Daucus carota L. subsp. gummifer (Syme) Hook.f.,P,Daucus carota
3702,Daucus carota L. subsp. hispanicus (Gouan) Thell.,P,Daucus carota
3695,Daucus carota L. subsp. maritimus (Lam.) Batt.,P,Daucus carota
3697,Daucus carota L. subsp. maximus (Desf.) Ball,P,Daucus carota
3701,Daucus carota L. subsp. rupestris (Guss.) Heywood,P,Daucus carota
3689,Daucus muricatus (L.) L.,P,Daucus muricatus
9549,Daucus nebrodensis Strobl,P,Daucus nebrodensis
3706,Daucus pumilus (L.) Hoffmanns. & Link,P,Daucus pumilus
3624,"Dichoropetalum carvifolium-chabraei (Crantz) Soldano, Galasso & Banfi",P,Dichoropetalum carvifolium-chabraei
3437,Echinophora spinosa L.,P,Echinophora spinosa
3438,Echinophora tenuifolia L. subsp. tenuifolia,P,Echinophora tenuifolia
3431,Eryngium amethystinum L.,P,Eryngium amethystinum
3432,Eryngium campestre L.,P,Eryngium campestre
3434,Eryngium crinitum C.Presl,P,Eryngium crinitum
3426,Eryngium dichotomum Desf.,P,Eryngium dichotomum
3424,Eryngium maritimum L.,P,Eryngium maritimum
3423,Eryngium pusillum L.,P,Eryngium pusillum
9553,Eryngium siculum Lojac.,P,Eryngium siculum
9880,Eryngium tricuspidatum L.,(P),Eryngium tricuspidatum
9879,Eryngium tricuspidatum L. subsp. bocconei (Lam.) Wörz,P,Eryngium tricuspidatum
3429,Eryngium triquetrum Vahl,P,Eryngium triquetrum
3613,Ferula communis L. subsp. communis,P,Ferula communis
3615,Ferula glauca L.,P,Ferula glauca
12892,"Ferula sommieriana Cambria, C.Brullo, Tavilla, Sciandr., Minissale, Giusso & Brullo",P,Ferula sommieriana
3617,Ferulago galbanifera (Mill.) W.D.J.Koch,P,Ferulago galbanifera
3616,Ferulago nodosa (L.) Boiss. subsp. geniculata (Guss.) Troìa & Raimondo,P,Ferulago nodosa
3476,Geocaryum capillifolium (Guss.) Coss.,P,Geocaryum capillifolium
3477,Geocaryum cynapioides (Guss.) Engstrand,P,Geocaryum cynapioides
3579,Helosciadium crassipes W.D.J.Koch ex Rchb.,P,Helosciadium crassipes
3578,Helosciadium inundatum (L.) W.D.J.Koch,P,Helosciadium inundatum
3576,Helosciadium nodiflorum (L.) W.D.J.Koch subsp. nodiflorum,P,Helosciadium nodiflorum
3642,Heracleum sphondylium L.,(P),Heracleum sphondylium
3648,Heracleum sphondylium L. subsp. elegans (Crantz) Schübl. & G.Martens,P,Heracleum sphondylium
3598,"Katapsuxis silaifolia (Jacq.) Reduron, Charpin & Pimenov",P,Katapsuxis silaifolia
3612,Krubera peregrina (L.) Hoffm.,P,Krubera peregrina
3529,Kundmannia sicula (L.) DC.,P,Kundmannia sicula
3544,Magydaris pastinacea (Lam.) Paol.,P,Magydaris pastinacea
3514,Oenanthe aquatica (L.) Poir.,P,Oenanthe aquatica
3513,Oenanthe crocata L.,P,Oenanthe crocata
3508,Oenanthe fistulosa L.,P,Oenanthe fistulosa
3506,Oenanthe globulosa L.,P,Oenanthe globulosa
3512,Oenanthe lachenalii C.C.Gmel.,P,Oenanthe lachenalii
3509,Oenanthe pimpinelloides L.,P,Oenanthe pimpinelloides
3510,Oenanthe silaifolia M.Bieb.,P,Oenanthe silaifolia
3619,Opopanax chironium (L.) W.D.J.Koch,P,Opopanax chironium
3687,Orlaya grandiflora (L.) Hoffm.,P,Orlaya grandiflora
3686,Orlaya platycarpos W.D.J.Koch,P,Orlaya platycarpos
3636,Pastinaca sativa L.,(P),Pastinaca sativa
3639,Pastinaca sativa L. subsp. urens (Req. ex Godr.) Čelak.,P,Pastinaca sativa
3436,Petagnaea gussonei (Spreng.) Rauschert,P,Petagnaea gussonei
3581,Petroselinum crispum (Mill.) Fuss,P A CAS,Petroselinum crispum
3534,Physospermum verticillatum (Waldst. & Kit.) Vis.,P,Physospermum verticillatum
3482,Pimpinella anisoides V.Brig.,P,Pimpinella anisoides
9569,Pimpinella gussonei (C.Presl) Bertol.,P,Pimpinella gussonei
3478,Pimpinella lutea Desf.,P,Pimpinella lutea
3480,Pimpinella peregrina L.,P,Pimpinella peregrina
3481,Pimpinella tragium Vill.,P,Pimpinella tragium
3541,Prangos ferulacea (L.) Lindl.,P,Prangos ferulacea
3411,Sanicula europaea L.,P,Sanicula europaea
3454,Scandix australis L.,(P),Scandix australis
3455,Scandix australis L. subsp. australis,P,Scandix australis
3457,Scandix pecten-veneris L.,(P),Scandix pecten-veneris
3460,Scandix pecten-veneris L. subsp. brachycarpa (Guss.) Thell.,P,Scandix pecten-veneris
3458,Scandix pecten-veneris L. subsp. pecten-veneris,P,Scandix pecten-veneris
3493,Seseli bocconei Guss.,P,Seseli bocconei
3502,Seseli tortuosum L.,(P),Seseli tortuosum
9366,"Seseli tortuosum L. subsp. maritimum (Guss.) C.Brullo, Brullo, Giusso & Sciandr.",P,Seseli tortuosum
9365,Seseli tortuosum L. subsp. tortuosum,P,Seseli tortuosum
3623,"Siculosciadium nebrodense (Guss.) C.Brullo, Brullo, S.R.Downie & Giusso",P,Siculosciadium nebrodense
3657,Siler montanum Crantz,(P),Siler montanum
3659,"Siler montanum Crantz subsp. siculum (Spreng.) Iamonico, Bartolucci & F.Conti",P,Siler montanum
3584,Sison amomum L.,P,Sison amomum
3466,Smyrnium olusatrum L.,P,Smyrnium olusatrum
3467,Smyrnium perfoliatum L.,(P),Smyrnium perfoliatum
10511,"Smyrnium perfoliatum L. subsp. dimartinoi (Raimondo, Mazzola & Spadaro) Stinca & Pignatti",P,Smyrnium perfoliatum
3468,Smyrnium perfoliatum L. subsp. perfoliatum,P,Smyrnium perfoliatum
3469,Smyrnium perfoliatum L. subsp. rotundifolium (Mill.) Bonnier & Layens,P,Smyrnium perfoliatum
3655,Thapsia asclepium L.,P,Thapsia asclepium
8901,Thapsia garganica L.,(P),Thapsia garganica
3671,Thapsia garganica L. subsp. garganica,P,Thapsia garganica
8900,"Thapsia garganica L. subsp. messanensis (Guss.) Brullo, Guglielmo, Pasta, Pavone & Salmeri",P,Thapsia garganica
3656,Thapsia meoides (Desf.) Guss.,P,Thapsia meoides
8902,"Thapsia pelagica Brullo, Guglielmo, Pasta, Pavone & Salmeri",P,Thapsia pelagica
3652,Tordylium apulum L.,P,Tordylium apulum
3650,Tordylium maximum L.,P,Tordylium maximum
3677,Torilis africana Spreng.,P,Torilis africana
3674,Torilis arvensis (Huds.) Link,(P),Torilis arvensis
3675,Torilis arvensis (Huds.) Link subsp. arvensis,P,Torilis arvensis
3679,Torilis elongata (Hoffmanns. & Link) Samp.,P,Torilis elongata
3680,Torilis japonica (Houtt.) DC.,P,Torilis japonica
3682,Torilis nemoralis (Brullo) Brullo & Giusso,P,Torilis nemoralis
9923,Torilis nodosa (L.) Gaertn.,(P),Torilis nodosa
3673,Torilis nodosa (L.) Gaertn. subsp. nodosa,P,Torilis nodosa
3683,Torilis nodosa (L.) Gaertn. subsp. webbii (Jury) Kerguélen,P,Torilis nodosa
3685,Turgenia latifolia (L.) Hoffm.,P,Turgenia latifolia
3588,Visnaga crinita (Guss.) Giardina & Raimondo,P,Visnaga crinita
3587,Visnaga daucoides Gaertn.,P,Visnaga daucoides
4086,Apteranthes europaea (Guss.) Plowes subsp. europaea,P,Apteranthes europaea
4087,Araujia sericifera Brot.,P A NAT,Araujia sericifera
8402,Asclepias curassavica L.,P A NAT,Asclepias curassavica
4077,Asclepias fruticosa L.,P A NAT,Asclepias fruticosa
8403,Asclepias physocarpa (E.Mey.) Schltr.,P A NAT,Asclepias physocarpa
12855,Carissa macrocarpa (Eckl.) A.DC.,P A NAT,Carissa macrocarpa
12779,Cascabela thevetia (L.) Lippold,P A NAT,Cascabela thevetia
8428,Catharanthus roseus (L.) G.Don,P A CAS,Catharanthus roseus
4078,Cynanchum acutum L. subsp. acutum,P,Cynanchum acutum
4067,Nerium oleander L. subsp. oleander,P,Nerium oleander
4075,Periploca angustifolia Labill.,P,Periploca angustifolia
4073,Vinca major L. subsp. major,P,Vinca major
4069,Vinca minor L.,P,Vinca minor
3052,Ilex aquifolium L.,P,Ilex aquifolium
7863,Ambrosinia bassii L.,P,Ambrosinia bassii
7861,Arisarum vulgare O.Targ.Tozz. subsp. vulgare,P,Arisarum vulgare
7853,Arum cylindraceum Gasp. ex Guss.,P,Arum cylindraceum
7850,Arum italicum Mill. subsp. italicum,P,Arum italicum
7857,Biarum tenuifolium (L.) Schott,(P),Biarum tenuifolium
7859,Biarum tenuifolium (L.) Schott subsp. abbreviatum (Schott) K.Richt.,P,Biarum tenuifolium
7858,Biarum tenuifolium (L.) Schott subsp. tenuifolium,P,Biarum tenuifolium
7848,Colocasia esculenta (L.) Schott,P A CAS,Colocasia esculenta
7866,Lemna gibba L.,P,Lemna gibba
7867,Lemna minor L.,P,Lemna minor
7869,Lemna minuta Kunth,P A INV,Lemna minuta
7865,Lemna trisulca L.,P,Lemna trisulca
7870,Spirodela polyrhiza (L.) Schleid.,P,Spirodela polyrhiza
7872,Wolffia arrhiza (L.) Horkel ex Wimm.,P,Wolffia arrhiza
7849,Zantedeschia aethiopica (L.) Spreng.,P A NAT,Zantedeschia aethiopica
8494,Hedera canariensis Willd.,P A CAS,Hedera canariensis
3405,Hedera helix L. subsp. helix,P,Hedera helix
12921,Heptapleurum arboricola Hayata,P A CAS,Heptapleurum arboricola
7844,Chamaerops humilis L. subsp. humilis,P,Chamaerops humilis
7846,Phoenix canariensis H.Wildpret,P A NAT,Phoenix canariensis
8572,Phoenix dactylifera L.,P A CAS,Phoenix dactylifera
8646,"Washingtonia filifera (Gloner ex Kerch., Burv., Pynaert, Rodigas & Hull) de Bary",P A NAT,Washingtonia filifera
8647,Washingtonia robusta H.Wendl.,P A CAS,Washingtonia robusta
333,Aristolochia clematitis L.,P,Aristolochia clematitis
341,Aristolochia clusii Lojac.,P,Aristolochia clusii
343,Aristolochia lutea Desf.,P,Aristolochia lutea
342,Aristolochia navicularis E.Nardi,P,Aristolochia navicularis
335,Aristolochia rotunda L.,(P),Aristolochia rotunda
336,Aristolochia rotunda L. subsp. rotunda,P,Aristolochia rotunda
332,Aristolochia sempervirens L.,P,Aristolochia sempervirens
340,Aristolochia sicula Tineo,P,Aristolochia sicula
6974,Agave americana L. subsp. americana,P A NAT,Agave americana
10448,Agave angustifolia Haw. subsp. angustifolia,P A NAT,Agave angustifolia
8385,Agave attenuata Salm-Dyck subsp. attenuata,P A CAS,Agave attenuata
8879,Agave fourcroydes Lem.,P A NAT,Agave fourcroydes
9190,Agave ingens A.Berger,P A,Agave ingens
6975,Agave salmiana Otto ex Salm-Dyck subsp. ferox (K.Koch) Hochstätter,P A CAS,Agave salmiana
8287,Agave sisalana Perrine,P A NAT,Agave sisalana
6963,Asparagus acutifolius L.,P,Asparagus acutifolius
8404,Asparagus aethiopicus L.,P A CAS,Asparagus aethiopicus
6962,Asparagus albus L.,P,Asparagus albus
6964,Asparagus aphyllus L.,P,Asparagus aphyllus
6961,Asparagus asparagoides (L.) Druce,P A NAT,Asparagus asparagoides
6965,Asparagus horridus L.,P,Asparagus horridus
6967,Asparagus officinalis L. subsp. officinalis,P,Asparagus officinalis
6969,Asparagus pastorianus Webb & Berthel.,P,Asparagus pastorianus
8405,Asparagus setaceus (Kunth) Jessop,P A NAT,Asparagus setaceus
6856,Bellevalia dubia (Guss.) Rchb.,P,Bellevalia dubia
9079,"Bellevalia pelagica C.Brullo, Brullo & Pasta",P,Bellevalia pelagica
6860,Bellevalia romana (L.) Sweet,P,Bellevalia romana
8458,Dracaena draco (L.) L. subsp. draco,P A NAT,Dracaena draco
6851,Loncomelos narbonense (L.) Raf.,P,Loncomelos narbonense
6845,Melomphis arabica (L.) Raf.,P,Melomphis arabica
6865,Muscari commutatum Guss.,P,Muscari commutatum
6867,Muscari comosum (L.) Mill.,P,Muscari comosum
6871,Muscari gussonei (Parl.) Nyman,P,Muscari gussonei
6864,Muscari neglectum Guss. ex Ten.,P,Muscari neglectum
6866,Muscari parviflorum Desf.,P,Muscari parviflorum
6952,Nectaroscilla hyacinthoides (L.) Parl.,P A CAS,Nectaroscilla hyacinthoides
6819,Oncostema ceruleum (Raf.) Speta,P,Oncostema ceruleum
6823,Oncostema dimartinoi (Brullo & Pavone) F.Conti & Soldano,P,Oncostema dimartinoi
6822,Oncostema siculum (Tineo) Speta,P,Oncostema siculum
9866,Oncostema ughii (Tineo) Speta,P,Oncostema ughii
6841,Ornithogalum collinum Guss. subsp. collinum,P,Ornithogalum collinum
6836,Ornithogalum comosum L.,P,Ornithogalum comosum
6840,Ornithogalum divergens Boreau,P,Ornithogalum divergens
6833,Ornithogalum exscapum Ten.,P,Ornithogalum exscapum
6832,Ornithogalum gussonei Ten.,P,Ornithogalum gussonei
6831,Ornithogalum montanum Ten.,P,Ornithogalum montanum
6839,Ornithogalum refractum Willd.,P,Ornithogalum refractum
6957,Polygonatum multiflorum (L.) All.,P,Polygonatum multiflorum
6958,Polygonatum odoratum (Mill.) Druce,P,Polygonatum odoratum
6824,Prospero autumnale (L.) Speta,P,Prospero autumnale
8903,"Prospero hierae Brullo, C.Brullo, Giusso, Pavone & Salmeri",P,Prospero hierae
6826,Prospero obtusifolium (Poir.) Speta subsp. intermedium (Guss.) Soldano & F.Conti,P,Prospero obtusifolium
6970,Ruscus aculeatus L.,P,Ruscus aculeatus
9035,Ruscus hypophyllum L.,P C,Ruscus hypophyllum
6817,Scilla bifolia L.,P,Scilla bifolia
11749,Squilla numidica Jord. & Fourr.,P,Squilla numidica
6829,Squilla pancration Steinh.,P,Squilla pancration
6977,Yucca aloifolia L.,P A CAS,Yucca aloifolia
6976,Yucca gloriosa L.,P A CAS,Yucca gloriosa
11483,Aloë ×caesia Salm-Dyck,P A NAT,Aloe ×caesia
8391,Aloë arborescens Mill.,P A CAS,Aloe arborescens
12965,Aloë brachystachys Baker,P A CAS,Aloe brachystachys
8392,Aloë maculata All. subsp. maculata,P A CAS,Aloe maculata
8393,Aloë vera (L.) Burm.f.,P A NAT,Aloe vera
6752,Asphodeline lutea (L.) Rchb.,P,Asphodeline lutea
6745,Asphodelus fistulosus L.,P,Asphodelus fistulosus
6750,Asphodelus ramosus L. subsp. ramosus,P,Asphodelus ramosus
6751,Asphodelus tenuifolius Cav.,P,Asphodelus tenuifolius
6814,Simethis mattiazzii (Vandelli) Saccardo,P,Simethis mattiazzii
79,Asplenium balearicum Shivas,P,Asplenium balearicum
100,Asplenium ceterach L.,(P),Asplenium ceterach
102,Asplenium ceterach L. subsp. bivalens (D.E.Mey.) Greuter & Burdet,P,Asplenium ceterach
101,Asplenium ceterach L. subsp. ceterach,P,Asplenium ceterach
9051,Asplenium ceterach L. subsp. cyprium (Viane & Van den heede) Viane,P,Asplenium ceterach
97,Asplenium lepidum C.Presl subsp. lepidum,P,Asplenium lepidum
92,Asplenium marinum L.,P,Asplenium marinum
76,Asplenium obovatum Viv.,(P),Asplenium obovatum
78,"Asplenium obovatum Viv. subsp. billotii (F.W.Schultz ) O.Bolòs, Vigo, Masalles & Ninot",P,Asplenium obovatum
77,Asplenium obovatum Viv. subsp. obovatum,P,Asplenium obovatum
73,Asplenium onopteris L.,P,Asplenium onopteris
82,Asplenium petrarchae (Guérin) DC. subsp. petrarchae,P,Asplenium petrarchae
94,Asplenium ruta-muraria L.,(P),Asplenium ruta-muraria
95,Asplenium ruta-muraria L. subsp. ruta-muraria,P,Asplenium ruta-muraria
104,Asplenium sagittatum (DC.) Bange,P,Asplenium sagittatum
103,Asplenium scolopendrium L. subsp. scolopendrium,P,Asplenium scolopendrium
99,Asplenium septentrionale (L.) Hoffm. subsp. septentrionale,P,Asplenium septentrionale
83,Asplenium trichomanes L.,(P),Asplenium trichomanes
85,Asplenium trichomanes L. subsp. inexpectans Lovis,P,Asplenium trichomanes
86,Asplenium trichomanes L. subsp. quadrivalens D.E.Mey.,P,Asplenium trichomanes
5650,Achillea collina (Becker ex Wirtg.) Heimerl,P,Achillea collina
5655,Achillea ligustica All.,P,Achillea ligustica
5664,Achillea maritima (L.) Ehrend. & Y.P.Guo subsp. maritima,P,Achillea maritima
5399,Adenostyles alpina (L.) Bluff & Fingerh.,(P),Adenostyles alpina
5401,Adenostyles alpina (L.) Bluff & Fingerh. subsp. nebrodensis (Wagenitz & I.Müll.) Greuter,P,Adenostyles alpina
5628,Anacyclus clavatus (Desf.) Pers.,P,Anacyclus clavatus
5629,Anacyclus radiatus Loisel. subsp. radiatus,P,Anacyclus radiatus
9543,Andryala cossyrensis Guss.,P,Andryala cossyrensis
6256,Andryala dentata Sm.,P,Andryala dentata
6255,Andryala integrifolia L.,P,Andryala integrifolia
9544,Andryala rothia Pers.,P,Andryala rothia
9542,Andryala tenuifolia (Tineo) DC.,P,Andryala tenuifolia
9876,Anthemis aeolica Lojac.,P,Anthemis aeolica
5604,Anthemis aetnensis Spreng.,P,Anthemis aetnensis
5600,Anthemis arvensis L.,(P),Anthemis arvensis
5601,Anthemis arvensis L. subsp. arvensis,P,Anthemis arvensis
5602,Anthemis arvensis L. subsp. incrassata (Loisel.) Nyman,P,Anthemis arvensis
5603,Anthemis arvensis L. subsp. sphacelata (C.Presl) R.Fern.,P,Anthemis arvensis
5623,Anthemis chia L.,P,Anthemis chia
5622,Anthemis cotula L.,P,Anthemis cotula
5606,Anthemis cretica L.,(P),Anthemis cretica
5610,Anthemis cretica L. subsp. columnae (Ten.) Franzén,P,Anthemis cretica
9005,Anthemis cretica L. subsp. messanensis (Brullo) Giardina & Raimondo,P,Anthemis cretica
5605,Anthemis cupaniana Tod. ex Nyman,P,Anthemis cupaniana
5614,Anthemis ismelia Lojac.,P,Anthemis ismelia
5612,Anthemis maritima L. subsp. maritima,P,Anthemis maritima
5621,Anthemis muricata (DC.) Guss.,P,Anthemis muricata
12888,"Anthemis parlatoreana Raimondo, Bajona, Spadaro & Di Grist.",P,Anthemis parlatoreana
5613,Anthemis peregrina L.,P,Anthemis peregrina
9662,"Anthemis pignattiorum Guarino, Raimondo & Domina",P,Anthemis pignattiorum
5615,Anthemis secundiramea Biv.,P,Anthemis secundiramea
5838,Arctium minus (Hill) Bernh.,P,Arctium minus
8293,Arctotheca calendula (L.) Levyns,P A CAS,Arctotheca calendula
5708,Artemisia alba Turra,P,Artemisia alba
5724,Artemisia annua L.,P A NAT,Artemisia annua
5707,Artemisia arborescens (Vaill.) L.,P,Artemisia arborescens
5725,Artemisia campestris L.,(P),Artemisia campestris
5726,Artemisia campestris L. subsp. campestris,P,Artemisia campestris
5730,Artemisia campestris L. subsp. variabilis (Ten.) Greuter,P,Artemisia campestris
5705,Artemisia verlotiorum Lamotte,P A NAT,Artemisia verlotiorum
5704,Artemisia vulgaris L.,P,Artemisia vulgaris
5540,Asteriscus aquaticus (L.) Less.,P,Asteriscus aquaticus
6135,Atractylis cancellata L.,P,Atractylis cancellata
8717,Bellis annua L.,(P),Bellis annua
5445,Bellis annua L. subsp. annua,P,Bellis annua
5449,"Bellis margaritifolia Huter, Porta & Rigo",P,Bellis margaritifolia
5446,Bellis perennis L.,P,Bellis perennis
5447,Bellis sylvestris Cirillo,P,Bellis sylvestris
5451,Bellium minutum (L.) L.,P,Bellium minutum
5546,Bidens aurea (Aiton) Sherff,P A NAT,Bidens aurea
5550,Bidens bipinnata L.,P A NAT,Bidens bipinnata
5548,Bidens frondosa L.,P A NAT,Bidens frondosa
5549,Bidens pilosa L.,P A NAT,Bidens pilosa
5552,Bidens subalternans DC.,P A NAT,Bidens subalternans
5543,Bidens tripartita L.,(P A),Bidens tripartita
5544,Bidens tripartita L. subsp. tripartita,P A,Bidens tripartita
5453,Bombycilaena erecta (L.) Smoljan.,P,Bombycilaena erecta
5833,Calendula arvensis (Vaill.) L.,P,Calendula arvensis
5831,Calendula officinalis L.,P A NAT,Calendula officinalis
5832,Calendula stellata Cav.,P,Calendula stellata
9546,Calendula suffruticosa Vahl,(P),Calendula suffruticosa
5829,Calendula suffruticosa Vahl subsp. fulgida (Raf.) Guadagno,P,Calendula suffruticosa
8283,Calendula suffruticosa Vahl subsp. maritima (Guss.) Meikle,P,Calendula suffruticosa
9545,Calendula suffruticosa Vahl subsp. suffruticosa,P,Calendula suffruticosa
5834,Calendula tripterocarpa Rupr.,P,Calendula tripterocarpa
6112,Cardopatium corymbosum (L.) Pers.,P,Cardopatium corymbosum
5875,Carduus acicularis Bertol.,P,Carduus acicularis
5872,Carduus argyroa Biv.,P,Carduus argyroa
5879,Carduus cephalanthus Viv.,P,Carduus cephalanthus
5874,Carduus corymbosus Ten.,P,Carduus corymbosus
9877,Carduus membranaceus Lojac.,P,Carduus membranaceus
5841,Carduus nutans L.,(P),Carduus nutans
5842,Carduus nutans L. subsp. nutans,P,Carduus nutans
5846,Carduus nutans L. subsp. siculus (Franco) Greuter,P,Carduus nutans
8284,Carduus pycnocephalus L.,(P),Carduus pycnocephalus
9223,Carduus pycnocephalus L. subsp. intermedius (Lojac.) Giardina & Raimondo,P,Carduus pycnocephalus
5878,Carduus pycnocephalus L. subsp. marmoratus (Boiss. & Heldr.) P.H.Davis,P,Carduus pycnocephalus
5873,Carduus pycnocephalus L. subsp. pycnocephalus,P,Carduus pycnocephalus
6134,Carlina gummifera (L.) Less.,P,Carlina gummifera
6133,Carlina hispanica Lam. subsp. globosa (Arcang.) Meusel & Kästner,P,Carlina hispanica
6127,Carlina involucrata Poir.,P,Carlina involucrata
6125,Carlina lanata L.,P,Carlina lanata
6128,Carlina nebrodensis Guss. ex DC.,P,Carlina nebrodensis
8300,Carlina sicula Ten.,(P),Carlina sicula
8299,Carlina sicula Ten. subsp. mareotica (Asch. & Schweinf.) Greuter,P,Carlina sicula
6117,Carlina sicula Ten. subsp. sicula,P,Carlina sicula
6109,Carthamus caeruleus L.,P,Carthamus caeruleus
6107,Carthamus creticus L.,P,Carthamus creticus
6106,Carthamus lanatus L.,P,Carthamus lanatus
6110,Carthamus pinnatus Desf.,P,Carthamus pinnatus
6151,Catananche lutea L.,P,Catananche lutea
5978,Centaurea acaulis L.,P A NAT,Centaurea acaulis
11573,"Centaurea aegusae Domina, Greuter & Raimondo",P,Centaurea aegusae
6068,Centaurea aeolica Guss. ex Lojac.,P,Centaurea aeolica
6024,Centaurea aspera L. subsp. aspera,P,Centaurea aspera
6070,Centaurea busambarensis Guss.,P,Centaurea busambarensis
6020,Centaurea calcitrapa L.,P,Centaurea calcitrapa
6095,Centaurea cyanus L.,P A NAT,Centaurea cyanus
12756,Centaurea deusta Ten.,(P),Centaurea deusta
6081,Centaurea deusta Ten. subsp. deusta,P,Centaurea deusta
6034,Centaurea diluta Aiton,P A INV,Centaurea diluta
8275,Centaurea erycina Raimondo & Bancheva,P,Centaurea erycina
9010,Centaurea giardinae Raimondo & Spadaro,P,Centaurea giardinae
9206,Centaurea gussonei Raimondo & Spadaro,P,Centaurea gussonei
12805,"Centaurea heywoodiana Raimondo, Spadaro & Di Grist.",P,Centaurea heywoodiana
6018,Centaurea hyalolepis Boiss. subsp. hyalolepis,P A CAS,Centaurea hyalolepis
6037,Centaurea jacea L.,(P),Centaurea jacea
6040,Centaurea jacea L. subsp. gaudinii (Boiss. & Reut.) Gremli,P,Centaurea jacea
6021,Centaurea macroacantha Guss.,P,Centaurea macroacantha
6032,Centaurea melitensis L.,P,Centaurea melitensis
6025,Centaurea napifolia L.,P,Centaurea napifolia
9036,Centaurea panormitana Lojac.,P,Centaurea panormitana
5986,Centaurea parlatoris Heldr.,P,Centaurea parlatoris
12820,"Centaurea phalacrica Brullo, Cambria, Crisafulli, Tavilla & Sciandr.",P,Centaurea phalacrica
8276,"Centaurea saccensis Raimondo, Bancheva & Ilardi",P,Centaurea saccensis
9037,"Centaurea seguenzae (Lacaita) Brullo, Marceno & Siracusa",P,Centaurea seguenzae
6022,Centaurea seridis L. subsp. sonchifolia (L.) Greuter,P,Centaurea seridis
9182,Centaurea sicana Raimondo & Spadaro,P,Centaurea sicana
6033,Centaurea sicula L.,P,Centaurea sicula
6026,Centaurea solstitialis L.,(P),Centaurea solstitialis
6029,Centaurea solstitialis L. subsp. adamii (Willd.) Nyman,P,Centaurea solstitialis
6028,Centaurea solstitialis L. subsp. schouwii (DC.) Gugler,P,Centaurea solstitialis
6027,Centaurea solstitialis L. subsp. solstitialis,P,Centaurea solstitialis
6023,Centaurea sphaerocephala L. subsp. sphaerocephala,P,Centaurea sphaerocephala
5971,Centaurea tauromenitana Guss.,P,Centaurea tauromenitana
5985,Centaurea todaroi Lacaita,P,Centaurea todaroi
6098,Centaurea triumfettii All.,P,Centaurea triumfettii
5984,"Centaurea tyrrhena C.Brullo, Brullo & Giusso",P,Centaurea tyrrhena
12994,"Centaurea valdemonensis Domina, Di Grist., Barone",P,Centaurea valdemonensis
9183,"Centaurea virescens (Guss.) Domina & Raimondo
",P,Centaurea virescens
5626,Chamaemelum fuscatum (Brot.) Vasc.,P,Chamaemelum fuscatum
5526,Chiliadenus lopadusanus Brullo,P,Chiliadenus lopadusanus
6257,Chondrilla juncea L.,P,Chondrilla juncea
11693,Cichorium endivia L.,(P),Cichorium endivia
6157,Cichorium endivia L. subsp. pumilum (Jacq.) Cout.,P,Cichorium endivia
6152,Cichorium intybus L.,P,Cichorium intybus
6158,Cichorium spinosum L.,P,Cichorium spinosum
5918,Cirsium arvense (L.) Scop.,P,Cirsium arvense
5915,Cirsium creticum (Lam.) d'Urv.,(P),Cirsium creticum
5916,Cirsium creticum (Lam.) d'Urv. subsp. creticum,P,Cirsium creticum
5917,Cirsium creticum (Lam.) d'Urv. subsp. triumfettii (Lacaita) K.Werner,P,Cirsium creticum
5899,Cirsium vulgare (Savi) Ten.,P,Cirsium vulgare
5627,Cladanthus mixtus (L.) Chevall.,P,Cladanthus mixtus
5671,Coleostephus myconis (L.) Cass. ex Rchb.f.,P,Coleostephus myconis
5593,Cota tinctoria (L.) J.Gay,(P),Cota tinctoria
5595,Cota tinctoria (L.) J.Gay subsp. australis (R.Fern.) Oberpr. & Greuter,P,Cota tinctoria
5594,Cota tinctoria (L.) J.Gay subsp. tinctoria,P,Cota tinctoria
5596,Cota triumfettii (L.) J.Gay,P,Cota triumfettii
8302,Cotula australis (Sieber ex Spreng.) Hook.f.,P A NAT,Cotula australis
6386,Crepis bivonana Soldano & F.Conti,P,Crepis bivonana
6379,Crepis bursifolia L.,P,Crepis bursifolia
8711,Crepis foetida L.,(P),Crepis foetida
6363,Crepis foetida L. subsp. foetida,P,Crepis foetida
6374,"Crepis hyemalis (Biv.) Ces., Pass. & Gibelli",P,Crepis hyemalis
6354,Crepis leontodontoides All.,P,Crepis leontodontoides
6369,Crepis neglecta L.,(P),Crepis neglecta
6382,Crepis neglecta L. subsp. corymbosa (Ten.) Nyman,P,Crepis neglecta
10438,Crepis neglecta L. subsp. neglecta,P,Crepis neglecta
6371,Crepis sprengelii Nicotra,P,Crepis sprengelii
6373,Crepis vesicaria L.,P,Crepis vesicaria
5945,Crupina crupinastrum (Moris) Vis.,P,Crupina crupinastrum
9266,Cynara cardunculus L.,(P),Cynara cardunculus
5924,Cynara cardunculus L. subsp. cardunculus,P,Cynara cardunculus
5926,Cynara cardunculus L. subsp. flavescens Wiklund,P C,Cynara cardunculus
11514,Cynara cardunculus L. subsp. zingaroensis (Raimondo & Domina) Raimondo & Domina,P,Cynara cardunculus
12675,Dimorphotheca fruticosa (L.) Less.,P A CAS,Dimorphotheca fruticosa
5522,Dittrichia graveolens (L.) Greuter,P,Dittrichia graveolens
11508,Dittrichia viscosa (L.) Greuter,(P),Dittrichia viscosa
5524,Dittrichia viscosa (L.) Greuter subsp. viscosa,P,Dittrichia viscosa
5748,Doronicum orientale Hoffm.,P,Doronicum orientale
6146,Echinops siculus Strobl,P,Echinops siculus
6136,Echinops spinosissimus Turra,(P),Echinops spinosissimus
6137,Echinops spinosissimus Turra subsp. spinosissimus,P,Echinops spinosissimus
6138,Echinops spinosissimus Turra subsp. spinosus Greuter,P,Echinops spinosissimus
5559,Eclipta prostrata (L.) L.,P A CAS,Eclipta prostrata
5901,"Epitrachys italica (DC.) Bureš, Del Guacchio, Iamonico & P.Caputo",P,Epitrachys italica
5430,Erigeron annuus (L.) Desf.,(P A CAS),Erigeron annuus
12847,Erigeron annuus (L.) Desf. subsp. annuus,P A NAT,Erigeron annuus
5443,Erigeron bonariensis L.,P A NAT,Erigeron bonariensis
5442,Erigeron canadensis L.,P A NAT,Erigeron canadensis
5431,Erigeron karvinskianus DC.,P A NAT,Erigeron karvinskianus
5444,Erigeron sumatrensis Retz.,P A NAT,Erigeron sumatrensis
5393,Eupatorium cannabinum L.,(P),Eupatorium cannabinum
5394,Eupatorium cannabinum L. subsp. cannabinum,P,Eupatorium cannabinum
5455,Evacidium discolor (DC.) Maire,P,Evacidium discolor
5464,Filago arvensis L.,P,Filago arvensis
5462,Filago asterisciflora (Lam.) Sweet,P,Filago asterisciflora
5460,Filago congesta Guss. ex DC.,P,Filago congesta
5457,Filago eriocephala Guss.,P,Filago eriocephala
5456,Filago germanica (L.) Huds.,P,Filago germanica
5458,Filago lutescens Jord. subsp. lutescens,P,Filago lutescens
5461,Filago pygmaea L.,P,Filago pygmaea
5459,Filago pyramidata L.,P,Filago pyramidata
5929,Galactites tomentosus Moench,P,Galactites tomentosus
5426,"Galatella tripolium (L.) Galasso, Bartolucci & Ardenghi",(P),Galatella tripolium
5427,"Galatella tripolium (L.) Galasso, Bartolucci & Ardenghi subsp. pannonica (Jacq.) Galasso, Bartolucci & Ardenghi",P,Galatella tripolium
5579,Galinsoga parviflora Cav.,P A INV,Galinsoga parviflora
5580,Galinsoga quadriradiata Ruiz & Pav.,P A NAT,Galinsoga quadriradiata
10320,Gamochaeta antillana (Urb.) Anderb.,P A NAT,Gamochaeta antillana
5483,Gamochaeta pensylvanica (Willd.) Cabrera,P A NAT,Gamochaeta pensylvanica
12861,Gazania ×splendens Lem.,P A CAS,Gazania ×splendens
8486,Gazania rigens (L.) Gaertn.,P A CAS,Gazania rigens
6203,"Gelasia hirsuta (Gouan) Zaika, Sukhor. & N.Kilian",P,Gelasia hirsuta
6200,Gelasia villosa (Scop.) Cass.,(P),Gelasia villosa
6202,"Gelasia villosa (Scop.) Cass. subsp. columnae (Guss.) Bartolucci, Galasso & F.Conti",P,Gelasia villosa
6174,Geropogon hybridus (L.) Sch.Bip.,P,Geropogon hybridus
5670,Glebionis coronaria (L.) Spach,P,Glebionis coronaria
11716,"Glebionis discolor (d’Urv.) E.Cano, Musarella, Cano-Ortiz, Piñar Fuentes, Spamp. & Pinto Gomes",P,Glebionis discolor
5669,Glebionis segetum (L.) Fourr.,P,Glebionis segetum
5476,Gnaphalium uliginosum L.,P,Gnaphalium uliginosum
5555,Guizotia abyssinica (L.f.) Cass.,P A CAS,Guizotia abyssinica
6173,Hedypnois rhagadioloides (L.) F.W.Schmidt,P,Hedypnois rhagadioloides
5563,Helianthus annuus L. subsp. annuus,P A CAS,Helianthus annuus
5565,Helianthus pauciflorus Nutt.,P A NAT,Helianthus pauciflorus
5564,Helianthus tuberosus L.,P A NAT,Helianthus tuberosus
9207,Helichrysum errerae Tineo,P,Helichrysum errerae
9209,Helichrysum italicum (Roth) G.Don,(P),Helichrysum italicum
5500,Helichrysum italicum (Roth) G.Don subsp. italicum,P,Helichrysum italicum
8721,"Helichrysum italicum (Roth) G.Don subsp. siculum (Jord. & Fourr.) Galbany, L.Sáez & Benedí",P,Helichrysum italicum
5506,Helichrysum litoreum Guss.,P,Helichrysum litoreum
5470,Helichrysum luteoalbum (L.) Rchb.,P,Helichrysum luteoalbum
5507,Helichrysum pendulum (C.Presl) C.Presl,P,Helichrysum pendulum
9179,Helichrysum stoechas (L.) Moench,(P),Helichrysum stoechas
5503,Helichrysum stoechas (L.) Moench subsp. barrelieri (Ten.) Nyman,P,Helichrysum stoechas
5494,Helichrysum stoechas (L.) Moench subsp. stoechas,P,Helichrysum stoechas
6253,Helminthotheca aculeata (Vahl) Lack subsp. aculeata,P,Helminthotheca aculeata
6254,Helminthotheca echioides (L.) Holub,P,Helminthotheca echioides
9886,"Hieracium busambarense Caldarella, Gianguzzi & Gottschl.",P,Hieracium busambarense
6657,Hieracium cophanense Lojac.,P,Hieracium cophanense
6542,Hieracium hypochoeroides S.Gibson,(P),Hieracium hypochoeroides
10078,"Hieracium hypochoeroides S.Gibson subsp. montis-scuderii Di Grist., Gottschl., Galesi, Raimondo & Cristaudo",P,Hieracium hypochoeroides
6656,Hieracium lucidum Guss.,P,Hieracium lucidum
6544,Hieracium murorum L.,(P),Hieracium murorum
10933,Hieracium murorum L. subsp. atrovirens (Froel.) Raimondo & Di Grist.,P,Hieracium murorum
9787,Hieracium pallidum Biv.,(P),Hieracium pallidum
11063,"Hieracium pallidum Biv. subsp. aetnense Gottschl., Raimondo & Di Grist.",P,Hieracium pallidum
11065,Hieracium pallidum Biv. subsp. pallidum,P,Hieracium pallidum
6655,Hieracium racemosum Waldst. & Kit. ex Willd.,(P),Hieracium racemosum
10405,Hieracium racemosum Waldst. & Kit. ex Willd. subsp. crinitum (Sm.) Rouy,P,Hieracium racemosum
11137,Hieracium racemosum Waldst. & Kit. ex Willd. subsp. pignattianum (Raimondo & Di Grist.) Greuter,P,Hieracium racemosum
6538,Hieracium schmidtii Tausch,(P),Hieracium schmidtii
11190,Hieracium schmidtii Tausch subsp. madoniense (Raimondo & Di Grist.) Greuter,P,Hieracium schmidtii
11178,"Hieracium schmidtii Tausch subsp. nebrodense (Tineo ex Lojac.) Di Grist., Gottschl. & Raimondo",P,Hieracium schmidtii
6658,Hieracium symphytifolium Froel.,P,Hieracium symphytifolium
6168,Hyoseris lucida L. subsp. taurina (Pamp.) Peruzzi & Vangelisti,P,Hyoseris lucida
6167,Hyoseris radiata L.,P,Hyoseris radiata
6166,Hyoseris scabra L.,P,Hyoseris scabra
6216,Hypochaeris achyrophorus L.,P,Hypochaeris achyrophorus
6214,Hypochaeris cretensis (L.) Bory & Chaub.,P,Hypochaeris cretensis
6209,Hypochaeris glabra L.,P,Hypochaeris glabra
6215,"Hypochaeris laevigata (L.) Ces., Pass. & Gibelli",P,Hypochaeris laevigata
6210,Hypochaeris radicata L.,P,Hypochaeris radicata
11865,Jacobaea ambigua (Biv.) Pelser & Veldkamp,(P),Jacobaea ambigua
5756,Jacobaea ambigua (Biv.) Pelser & Veldkamp subsp. ambigua,P,Jacobaea ambigua
5757,"Jacobaea ambigua (Biv.) Pelser & Veldkamp subsp. nebrodensis (Guss.) Peruzzi, N.G.Passal. & C.E.Jarvis",P,Jacobaea ambigua
5791,Jacobaea delphiniifolia (Vahl) Pelser & Veldkamp,P,Jacobaea delphiniifolia
5783,Jacobaea erratica (Bertol.) Fourr.,P,Jacobaea erratica
5810,Jacobaea lycopifolia (Desf. ex Poir.) Greuter & B.Nord.,P,Jacobaea lycopifolia
8878,Jacobaea maritima (L.) Pelser & Meijden,(P),Jacobaea maritima
5805,Jacobaea maritima (L.) Pelser & Meijden subsp. bicolor (Willd.) B.Nord. & Greuter,P,Jacobaea maritima
5803,"Jacobaea maritima (L.) Pelser & Meijden subsp. gibbosa (Guss.) Peruzzi, N.G.Passal. & C.E.Jarvis",P,Jacobaea maritima
8877,"Jacobaea maritima (L.) Pelser & Meijden subsp. sicula N.G.Passal., Peruzzi & Pellegrino",P,Jacobaea maritima
5942,Jurinea bocconei (Guss.) Guss.,P,Jurinea bocconei
5949,Klasea flavescens (L.) Holub,(P),Klasea flavescens
5950,Klasea flavescens (L.) Holub subsp. cichoracea (L.) Greuter & Wagenitz,P,Klasea flavescens
5951,Klasea flavescens (L.) Holub subsp. mucronata (Desf.) Cantó & Rivas Mart.,P,Klasea flavescens
11730,Kleinia anteuphorbium (L.) Haw.,P A CAS,Kleinia anteuphorbium
5826,Kleinia mandraliscae Tineo,P A CAS,Kleinia mandraliscae
11616,Kleinia neriifolia Haw.,P A CAS,Kleinia neriifolia
6330,Lactuca saligna L.,P,Lactuca saligna
11574,Lactuca sativa L.,(P),Lactuca sativa
6329,Lactuca sativa L. subsp. sativa,P A CAS,Lactuca sativa
6328,"Lactuca sativa L. subsp. serriola (L.) Galasso, Banfi, Bartolucci & Ardenghi",P,Lactuca sativa
6322,Lactuca viminea (L.) J.Presl & C.Presl,(P),Lactuca viminea
6323,Lactuca viminea (L.) J.Presl & C.Presl subsp. viminea,P,Lactuca viminea
6331,Lactuca virosa L.,P,Lactuca virosa
8733,Lapsana communis L.,(P),Lapsana communis
6159,Lapsana communis L. subsp. communis,P,Lapsana communis
6309,Launaea fragilis (Asso) Pau,P,Launaea fragilis
6228,Leontodon hispidus L.,(P),Leontodon hispidus
9419,Leontodon hispidus L. subsp. hispidus,P,Leontodon hispidus
6240,"Leontodon intermedius (Fiori) Huter, Porta & Rigo",P,Leontodon intermedius
6229,Leontodon siculus (Guss.) Nyman,P,Leontodon siculus
6237,Leontodon tuberosus L.,P,Leontodon tuberosus
5672,Leucanthemum vulgare (Vaill.) Lam. subsp. vulgare,P A,Leucanthemum vulgare
5521,Limbarda crithmoides (L.) Dumort. subsp. longifolia (Arcang.) Greuter,P,Limbarda crithmoides
5466,Logfia gallica (L.) Cosson & Germ.,P,Logfia gallica
5463,Logfia heterantha (Raf.) Holub,P,Logfia heterantha
5468,Logfia lojaconoi (Brullo) C.Brullo & Brullo,P,Logfia lojaconoi
5592,Lonas annua (L.) Vines & Druce,P,Lonas annua
5898,"Lophiolepis echinata (Desf.) Del Guacchio, Bureš, Iamonico & P.Caputo",P,Lophiolepis echinata
5897,"Lophiolepis scabra (Poir.) Del Guacchio, Bureš, Iamonico & P.Caputo",P,Lophiolepis scabra
5891,"Lophiolepis vallis-demonii (Lojac.) Del Guacchio, Bureš, Iamonico & P.Caputo",(P),Lophiolepis vallis-demonii
12815,"Lophiolepis vallis-demonii (Lojac.) Del Guacchio, Bureš, Iamonico & P.Caputo subsp. vallis-demonii",P,Lophiolepis vallis-demonii
5957,Mantisalca duriaei (Spach) Briq. & Cavill.,P,Mantisalca duriaei
5956,Mantisalca salmantica (L.) Briq. & Cavill.,P,Mantisalca salmantica
5668,Matricaria aurea (Loefl.) Sch.Bip.,P,Matricaria aurea
5666,Matricaria chamomilla L.,P,Matricaria chamomilla
6336,Mycelis muralis (L.) Dumort. subsp. muralis,P,Mycelis muralis
5883,Notobasis syriaca (L.) Cass.,P,Notobasis syriaca
5935,Onopordum horridum Viv.,P,Onopordum horridum
5933,Onopordum illyricum L.,(P),Onopordum illyricum
8759,Onopordum illyricum L. subsp. cardunculus (Boiss.) Arènes,P,Onopordum illyricum
5931,Onopordum tauricum Willd.,P,Onopordum tauricum
5541,Pallenis maritima (L.) Greuter,P,Pallenis maritima
5542,Pallenis spinosa (L.) Cass. subsp. spinosa,P,Pallenis spinosa
12979,Pascalia glauca Ortega,P A NAT,Pascalia glauca
5515,"Pentanema montanum (L.) D.Gut.Larr., Santos-Vicente, Anderb., E.Rico & M.M.Mart.Ort.",P,Pentanema montanum
5517,"Pentanema squarrosum (L.) D.Gut.Larr., Santos-Vicente, Anderb., E.Rico & M.M.Mart.Ort.",P,Pentanema squarrosum
5739,"Petasites hybridus (L.) G.Gaertn., B.Mey. & Scherb. subsp. hybridus",P,Petasites hybridus
5741,Petasites pyrenaicus (L.) G.López,P,Petasites pyrenaicus
5487,Phagnalon rupestre (L.) DC.,(P),Phagnalon rupestre
5488,Phagnalon rupestre (L.) DC. subsp. rupestre,P,Phagnalon rupestre
5492,Phagnalon saxatile (L.) Cass.,P,Phagnalon saxatile
5882,Picnomon acarna (L.) Cass.,P,Picnomon acarna
6245,Picris hieracioides L.,(P),Picris hieracioides
6246,Picris hieracioides L. subsp. hieracioides,P,Picris hieracioides
6388,Pilosella hoppeana (Schult.) F.W.Schultz & Sch.Bip.,(P),Pilosella hoppeana
10432,Pilosella hoppeana (Schult.) F.W.Schultz & Sch.Bip. subsp. macrantha (Ten.) S.Bräut. & Greuter,P,Pilosella hoppeana
10597,"Pilosella hoppeana (Schult.) F.W.Schultz & Sch.Bip. subsp. sicula Di Grist., Gottschl. & Raimondo",P,Pilosella hoppeana
6450,Pilosella piloselloides (Vill.) Soják,(P),Pilosella piloselloides
10435,Pilosella piloselloides (Vill.) Soják subsp. piloselloides,P,Pilosella piloselloides
8851,Pilosella testimonialis (Nägeli ex J.Hofm.) Gottschl.,P,Pilosella testimonialis
6189,"Pseudopodospermum undulatum (Vahl) Zaika, Sukhor. & N.Kilian subsp. deliciosum (Guss.) Bartolucci, Galasso & F.Conti",P,Pseudopodospermum undulatum
9229,Ptilostemon greuteri Raimondo & Domina,P,Ptilostemon greuteri
5886,Ptilostemon niveus (C.Presl) Greuter,P,Ptilostemon niveus
5889,Ptilostemon stellatus (L.) Greuter,P,Ptilostemon stellatus
5528,Pulicaria dysenterica (L.) Bernh.,P,Pulicaria dysenterica
5527,Pulicaria odora (L.) Rchb.,P,Pulicaria odora
5530,Pulicaria sicula (L.) Moris,P,Pulicaria sicula
5529,Pulicaria vulgaris Gaertn.,P,Pulicaria vulgaris
9436,Reichardia intermedia (Sch.Bip.) Samp.,P,Reichardia intermedia
6338,Reichardia picroides (L.) Roth,P,Reichardia picroides
6337,Reichardia tingitana (L.) Roth,P,Reichardia tingitana
10437,Rhagadiolus edulis Gaertn.,P,Rhagadiolus edulis
6171,Rhagadiolus stellatus (L.) Gaertn.,P,Rhagadiolus stellatus
5958,Rhaponticum coniferum (L.) Greuter,P,Rhaponticum coniferum
6218,Robertia taraxacoides (Loisel.) DC.,P,Robertia taraxacoides
5779,Roldana petasitis (Sims) H.Rob. & Brettell,P A CAS,Roldana petasitis
6149,Scolymus grandiflorus Desf.,P,Scolymus grandiflorus
8322,Scolymus hispanicus L.,(P),Scolymus hispanicus
6148,Scolymus hispanicus L. subsp. hispanicus,P,Scolymus hispanicus
6147,Scolymus maculatus L.,P,Scolymus maculatus
6205,Scorzonera cana (C.A.Mey.) Griseb.,P,Scorzonera cana
6206,Scorzonera laciniata L.,(P),Scorzonera laciniata
6208,Scorzonera laciniata L. subsp. decumbens (Guss.) Greuter,P,Scorzonera laciniata
6207,Scorzonera laciniata L. subsp. laciniata,P,Scorzonera laciniata
6225,Scorzoneroides autumnalis (L.) Moench,P,Scorzoneroides autumnalis
6226,Scorzoneroides cichoriacea (Ten.) Greuter,P,Scorzoneroides cichoriacea
6227,Scorzoneroides muelleri (Sch.Bip.) Greuter & Talavera,P,Scorzoneroides muelleri
5807,Senecio aethnensis Jan ex DC.,P,Senecio aethnensis
5811,Senecio angulatus L.f.,P A NAT,Senecio angulatus
8725,Senecio balansae Boiss. & Reut.,P,Senecio balansae
9109,Senecio calabrus (Fiori) Peruzzi,P,Senecio calabrus
9579,Senecio glaucus L.,(P),Senecio glaucus
9577,Senecio glaucus L. subsp. coronopifolius (Maire) C.Alexander,P,Senecio glaucus
9578,Senecio glaucus L. subsp. hyblaeus Brullo,P,Senecio glaucus
5765,Senecio inaequidens DC.,P A CAS,Senecio inaequidens
9580,Senecio leucanthemifolius Poir.,(P),Senecio leucanthemifolius
5794,Senecio leucanthemifolius Poir. subsp. leucanthemifolius,P,Senecio leucanthemifolius
9581,Senecio leucanthemifolius Poir. subsp. mauritanicus (Pomel) Greuter,P,Senecio leucanthemifolius
5796,Senecio lividus L.,P,Senecio lividus
8726,Senecio siculus All.,P,Senecio siculus
5798,Senecio vulgaris L.,(P),Senecio vulgaris
10340,Senecio vulgaris L. subsp. denticulatus (O.F.Müll.) P.D.Sell,P,Senecio vulgaris
10339,Senecio vulgaris L. subsp. vulgaris,P,Senecio vulgaris
5946,Serratula tinctoria L.,(P),Serratula tinctoria
5947,Serratula tinctoria L. subsp. tinctoria,P,Serratula tinctoria
5927,Silybum marianum (L.) Gaertn.,P,Silybum marianum
6311,Sonchus asper (L.) Hill,(P),Sonchus asper
6312,Sonchus asper (L.) Hill subsp. asper,P,Sonchus asper
6313,Sonchus asper (L.) Hill subsp. glaucescens (Jord.) Ball,P,Sonchus asper
6321,Sonchus bulbosus (L.) N.Kilian & Greuter subsp. bulbosus,P,Sonchus bulbosus
6316,Sonchus maritimus L.,P,Sonchus maritimus
6315,Sonchus oleraceus L.,P,Sonchus oleraceus
6314,Sonchus tenerrimus L.,P,Sonchus tenerrimus
5421,Symphyotrichum squamatum (Spreng.) G.L.Nesom,P A NAT,Symphyotrichum squamatum
5583,Tagetes erecta L.,P A CAS,Tagetes erecta
5581,Tagetes minuta L.,P A CAS,Tagetes minuta
5701,Tanacetum balsamita L.,P A CAS,Tanacetum balsamita
5697,Tanacetum parthenium (L.) Sch.Bip.,P,Tanacetum parthenium
9211,Tanacetum vulgare L.,(P),Tanacetum vulgare
5700,Tanacetum vulgare L. subsp. siculum (Guss.) Raimondo & Spadaro,P,Tanacetum vulgare
5692,Tanacetum vulgare L. subsp. vulgare,P,Tanacetum vulgare
6289,Taraxacum caramanicae Lojac.,P,Taraxacum caramanicae
9776,Taraxacum epirense Soest,P,Taraxacum epirense
8794,"Taraxacum garbarianum Peruzzi, Aquaro, Caparelli & Raimondo",P,Taraxacum garbarianum
6279,Taraxacum gasparrinii Tineo ex Lojac.,P,Taraxacum gasparrinii
6265,Taraxacum obovatum (Willd.) DC.,P,Taraxacum obovatum
9796,Taraxacum perincisum (Rigo ex Murr) Murr,P,Taraxacum perincisum
8741,Taraxacum siculum Soest,P,Taraxacum siculum
6164,Tolpis umbellata Bertol.,P,Tolpis umbellata
6161,Tolpis virgata (Desf.) Bertol.,(P),Tolpis virgata
6163,Tolpis virgata (Desf.) Bertol. subsp. grandiflora (Ten.) Arcang.,P,Tolpis virgata
6162,Tolpis virgata (Desf.) Bertol. subsp. virgata,P,Tolpis virgata
6180,Tragopogon crocifolius L.,(P),Tragopogon crocifolius
9213,Tragopogon crocifolius L. subsp. nebrodensis (Guss.) Raimondo,P,Tragopogon crocifolius
6178,Tragopogon cupanii Guss. ex DC.,P,Tragopogon cupanii
6176,Tragopogon porrifolius L.,P,Tragopogon porrifolius
5425,Tripolium sorrentinoi (Tod.) Raimondo & Greuter,P,Tripolium sorrentinoi
5737,Tussilago farfara L.,P,Tussilago farfara
6219,Urospermum dalechampii (L.) Scop. ex F.W.Schmidt,P,Urospermum dalechampii
6220,Urospermum picroides (L.) Scop. ex F.W.Schmidt,P,Urospermum picroides
5955,Volutaria tubuliflora (Murb.) Sennen,P,Volutaria tubuliflora
5578,Xanthium orientale L.,P A NAT,Xanthium orientale
5575,Xanthium spinosum L.,P A NAT,Xanthium spinosum
8723,Xanthium strumarium L.,P,Xanthium strumarium
6115,Xeranthemum cylindraceum Sm.,P,Xeranthemum cylindraceum
6114,Xeranthemum inapertum (L.) Mill.,P,Xeranthemum inapertum
11039,Youngia japonica (L.) DC. subsp. japonica,P A CAS,Youngia japonica
6673,Zinnia elegans Jacq.,P A CAS,Zinnia elegans
117,Athyrium filix-femina (L.) Roth,P,Athyrium filix-femina
588,Anredera cordifolia (Ten.) Steenis,P A INV,Anredera cordifolia
9301,Begonia grandis Dryand. subsp. grandis,P A CAS,Begonia grandis
1216,Berberis aetnensis C.Presl,P,Berberis aetnensis
252,Alnus cordata (Loisel.) Duby,P A NAT,Alnus cordata
250,Alnus glutinosa (L.) Gaertn.,P,Alnus glutinosa
246,Betula etnensis Raf.,P,Betula etnensis
256,Corylus avellana L.,P,Corylus avellana
255,Ostrya carpinifolia Scop.,P,Ostrya carpinifolia
5067,Campsis radicans (L.) Bureau,P A CAS,Campsis radicans
9700,Dolichandra unguis-cati (L.) L.G.Lohmann,P A CAS,Dolichandra unguis-cati
12676,Handroanthus heptaphyllus (Vell.) Mattos,P A CAS,Handroanthus heptaphyllus
8506,Jacaranda mimosifolia D.Don,P A CAS,Jacaranda mimosifolia
8630,Tecomaria capensis (Thunb.) Spach,P A CAS,Tecomaria capensis
140,Struthiopteris spicant (L.) Weiss,P,Struthiopteris spicant
141,Woodwardia radicans (L.) Sm.,P,Woodwardia radicans
4255,Aegonychon purpurocaeruleum (L.) Holub,P,Aegonychon purpurocaeruleum
4286,Alkanna tinctoria Tausch subsp. tinctoria,P,Alkanna tinctoria
4332,Anchusa azurea Mill.,P,Anchusa azurea
4327,Anchusa undulata L. subsp. hybrida (Ten.) Bég.,P,Anchusa undulata
4341,"Anchusella cretica (Mill.) Bigazzi, E.Nardi & Selvi",P,Anchusella cretica
4342,Borago officinalis L.,P,Borago officinalis
8282,Buglossoides arvensis (L.) I.M.Johnst.,(P),Buglossoides arvensis
4257,Buglossoides arvensis (L.) I.M.Johnst. subsp. arvensis,P,Buglossoides arvensis
9836,Buglossoides incrassata (Guss.) I.M.Johnst.,(P),Buglossoides incrassata
4260,Buglossoides incrassata (Guss.) I.M.Johnst. subsp. incrassata,P,Buglossoides incrassata
9228,Buglossoides incrassata (Guss.) I.M.Johnst. subsp. splitgerberi (Guss.) E.Zippel & Selvi,P,Buglossoides incrassata
4258,Buglossoides minima (Moris) R.Fern.,P,Buglossoides minima
4283,Cerinthe major L. subsp. major,P,Cerinthe major
4278,Cerinthe minor L.,(P),Cerinthe minor
4280,Cerinthe minor L. subsp. auriculata (Ten.) Domac,P,Cerinthe minor
4386,Cynoglossum apenninum L.,P,Cynoglossum apenninum
4382,Cynoglossum cheirifolium L.,P,Cynoglossum cheirifolium
4384,Cynoglossum clandestinum Desf.,P,Cynoglossum clandestinum
4378,Cynoglossum columnae Ten.,P,Cynoglossum columnae
4380,Cynoglossum creticum Mill.,P,Cynoglossum creticum
4381,Cynoglossum nebrodense Guss.,(P),Cynoglossum nebrodense
9381,Cynoglossum nebrodense Guss. subsp. nebrodense,P,Cynoglossum nebrodense
4303,Echium arenarium Guss.,P,Echium arenarium
4289,Echium italicum L.,(P),Echium italicum
4290,Echium italicum L. subsp. italicum,P,Echium italicum
4292,Echium italicum L. subsp. siculum (Lacaita) Greuter & Burdet,P,Echium italicum
4302,Echium parviflorum Moench,P,Echium parviflorum
4297,Echium plantagineum L.,P,Echium plantagineum
4298,Echium sabulicola Pomel subsp. sabulicola,P,Echium sabulicola
4293,Echium vulgare L.,(P),Echium vulgare
4295,Echium vulgare L. subsp. pustulatum (Sm.) Bonnier & Layens,P,Echium vulgare
4264,Glandora rosmarinifolia (Ten.) D.C.Thomas,P,Glandora rosmarinifolia
4337,Hormuzakia aggregata (Lehm.) Guşul.,P,Hormuzakia aggregata
4254,Lithospermum officinale L.,P,Lithospermum officinale
4348,Myosotis arvensis (L.) Hill subsp. arvensis,P,Myosotis arvensis
4351,Myosotis congesta Shuttlew.,P,Myosotis congesta
4350,Myosotis discolor Pers. subsp. discolor,P,Myosotis discolor
4346,Myosotis incrassata Guss.,P,Myosotis incrassata
4369,Myosotis nemorosa Besser,P,Myosotis nemorosa
4349,Myosotis ramosissima Rochel subsp. ramosissima,P,Myosotis ramosissima
4365,Myosotis sicula Guss.,P,Myosotis sicula
4354,Myosotis sylvatica Hoffm.,(P),Myosotis sylvatica
4358,Myosotis sylvatica Hoffm. subsp. elongata (Strobl) Grau,P,Myosotis sylvatica
4356,Myosotis sylvatica Hoffm. subsp. subarvensis Grau,P,Myosotis sylvatica
9180,Myosotis tineoi C.Brullo & Brullo,P,Myosotis tineoi
4263,Neatostema apulum (L.) I.M.Johnst.,P,Neatostema apulum
4317,Nonea vesicaria (L.) Rchb.,P,Nonea vesicaria
4268,Onosma echioides (L.) L.,(P),Onosma echioides
4271,Onosma echioides (L.) L. subsp. canescens (C.Presl) Peruzzi & N.G.Passal.,P,Onosma echioides
4325,Symphytum bulbosum K.F.Schimp.,P,Symphytum bulbosum
4323,Symphytum gussonei F.W.Schultz,P,Symphytum gussonei
1570,Aethionema saxatile (L.) W.T.Aiton,P,Aethionema saxatile
1329,Alliaria petiolata (M.Bieb.) Cavara & Grande,P,Alliaria petiolata
1473,Alyssum minutum Schltdl. ex DC.,P,Alyssum minutum
1477,Alyssum siculum Jord.,P,Alyssum siculum
1475,Alyssum simplex Rudolphi,P,Alyssum simplex
1330,Arabidopsis thaliana (L.) Heynh.,P,Arabidopsis thaliana
1455,Arabis alpina L.,(P),Arabis alpina
1457,Arabis alpina L. subsp. caucasica (Willd.) Briq.,P,Arabis alpina
1446,Arabis auriculata Lam.,P,Arabis auriculata
1441,Arabis collina Ten.,(P),Arabis collina
1442,Arabis collina Ten. subsp. collina,P,Arabis collina
1443,Arabis collina Ten. subsp. rosea (DC.) Minuto,P,Arabis collina
1436,Arabis hirsuta (L.) Scop.,P,Arabis hirsuta
1444,Arabis madonia C.Presl,P,Arabis madonia
1435,Arabis sagittata (Bertol.) DC.,P,Arabis sagittata
1448,Arabis verna (L.) W.T.Aiton,P,Arabis verna
1461,Aubrieta columnae Guss.,(P),Aubrieta columnae
9872,"Aubrieta columnae Guss. subsp. sicula (Strobl) M.A.Koch, D.A.German & R.Karl",P,Aubrieta columnae
1387,Barbarea bracteosa Guss.,P,Barbarea bracteosa
1384,Barbarea sicula C.Presl,P,Barbarea sicula
1389,Barbarea vulgaris W.T.Aiton,P,Barbarea vulgaris
1598,Biscutella maritima Ten.,P,Biscutella maritima
1545,Bivonaea lutea (Biv.) DC.,P,Bivonaea lutea
1654,Brassica fruticulosa Cirillo subsp. fruticulosa,P,Brassica fruticulosa
1648,Brassica incana Ten.,P,Brassica incana
1649,Brassica insularis Moris,P,Brassica insularis
1636,Brassica macrocarpa Guss.,P,Brassica macrocarpa
1650,Brassica napus L.,P A CAS,Brassica napus
1658,Brassica nigra (L.) W.D.J.Koch,P C,Brassica nigra
1637,Brassica oleracea L.,P A CAS,Brassica oleracea
1651,Brassica rapa L.,(P),Brassica rapa
1653,Brassica rapa L. subsp. campestris (L.) A.R.Clapham,P,Brassica rapa
1639,Brassica rupestris Raf.,(P),Brassica rupestris
1641,Brassica rupestris Raf. subsp. hispida Raimondo & Mazzola,P,Brassica rupestris
1640,Brassica rupestris Raf. subsp. rupestris,P,Brassica rupestris
1657,Brassica souliei (Batt.) Batt. subsp. amplexicaulis (Desf.) Greuter & Burdet,P,Brassica souliei
12760,"Brassica tardarae Ilardi, Geraci & Troìa",P,Brassica tardarae
1655,Brassica tournefortii Gouan,P,Brassica tournefortii
9647,"Brassica trichocarpa C.Brullo, Brullo, Giusso & Ilardi",P,Brassica trichocarpa
1642,Brassica villosa Biv.,(P),Brassica villosa
1646,Brassica villosa Biv. subsp. bivonana (Mazzola & Raimondo) Raimondo & Mazzola,P,Brassica villosa
1647,Brassica villosa Biv. subsp. brevisiliqua (Raimondo & Mazzola) Raimondo & Geraci,P,Brassica villosa
1644,Brassica villosa Biv. subsp. drepanensis (Caruel) Raimondo & Mazzola,P,Brassica villosa
1645,Brassica villosa Biv. subsp. tineoi (Lojac.) Raimondo & Mazzola,P,Brassica villosa
1643,Brassica villosa Biv. subsp. villosa,P,Brassica villosa
1341,Bunias erucago L.,P,Bunias erucago
1680,Cakile maritima Scop. subsp. maritima,P,Cakile maritima
1685,Calepina irregularis (Asso) Thell.,P,Calepina irregularis
12618,Camelina sativa (L.) Crantz,(P A NAT),Camelina sativa
1521,Camelina sativa (L.) Crantz subsp. sativa,P A NAT,Camelina sativa
1531,Capsella bursa-pastoris (L.) Medik. subsp. bursa-pastoris,P,Capsella bursa-pastoris
1532,Capsella rubella Reut.,P,Capsella rubella
1426,Cardamine chelidonia L.,P,Cardamine chelidonia
1430,Cardamine dubia Nicotra,P,Cardamine dubia
1429,Cardamine flexuosa With.,P,Cardamine flexuosa
1422,Cardamine glauca Spreng. ex DC. subsp. glauca,P,Cardamine glauca
1425,Cardamine graeca L.,P,Cardamine graeca
1431,Cardamine hirsuta L.,P,Cardamine hirsuta
9702,Cardamine occulta Hornem.,P A NAT,Cardamine occulta
1676,Carrichtera annua (L.) DC.,P,Carrichtera annua
1498,Clypeola jonthlaspi L.,P,Clypeola jonthlaspi
1623,Conringia orientalis (L.) Andrz. ex DC.,P A CAS,Conringia orientalis
1683,Crambe hispanica L.,P,Crambe hispanica
1628,Diplotaxis erucoides (L.) DC. subsp. erucoides,P,Diplotaxis erucoides
1627,Diplotaxis harra (Forssk.) Boiss. subsp. crassifolia (Raf.) Maire,P,Diplotaxis harra
1630,Diplotaxis muralis (L.) DC.,P,Diplotaxis muralis
1632,Diplotaxis scaposa DC.,P,Diplotaxis scaposa
1629,Diplotaxis tenuifolia (L.) DC.,P,Diplotaxis tenuifolia
1631,Diplotaxis viminea (L.) DC.,P,Diplotaxis viminea
1503,"Draba turgida É.Huet & A.Huet ex Ces., Pass. & Gibelli",P,Draba turgida
1512,Draba verna L.,(P),Draba verna
1514,Draba verna L. subsp. praecox (Steven) Rouy & Foucaud,P,Draba verna
1515,Draba verna L. subsp. spathulata (Láng) Rouy & Foucaud,P,Draba verna
1513,Draba verna L. subsp. verna,P,Draba verna
1509,Drabella muralis (L.) Fourr.,P,Drabella muralis
1669,Eruca vesicaria (L.) Cav.,P C,Eruca vesicaria
1670,Erucastrum virgatum C.Presl subsp. virgatum,P,Erucastrum virgatum
1358,Erysimum bonannianum C.Presl,P,Erysimum bonannianum
9084,Erysimum brulloi G.Ferro,P,Erysimum brulloi
1351,Erysimum cheiri (L.) Crantz,P A NAT,Erysimum cheiri
10557,Erysimum etnense Jord.,P,Erysimum etnense
1348,Erysimum metlesicsii Polatschek,P,Erysimum metlesicsii
9526,Hesperis laciniata All.,(P),Hesperis laciniata
1361,Hesperis laciniata All. subsp. cupaniana (Guss.) Giardina & Raimondo,P,Hesperis laciniata
1677,Hirschfeldia incana (L.) Lagr.-Foss. subsp. incana,P,Hirschfeldia incana
1540,"Hornungia pauciflora (W.D.J.Koch) Soldano, F.Conti, Banfi & Galasso",P,Hornungia pauciflora
1534,Hornungia petraea (L.) Rchb. subsp. petraea,P,Hornungia petraea
1539,Hornungia procumbens (L.) Hayek,P,Hornungia procumbens
1573,Iberis semperflorens L.,P,Iberis semperflorens
1583,Iberis umbellata L.,P A NAT,Iberis umbellata
1576,Iberis violacea W.T.Aiton,P,Iberis violacea
10659,Ihsanalshehbazia granatensis (Boiss. & Reut.) Tahir Ali & Thines,P,Ihsanalshehbazia granatensis
1542,Ionopsidium albiflorum Durieu,P,Ionopsidium albiflorum
1339,Isatis tinctoria L. subsp. tinctoria,P A NAT,Isatis tinctoria
1621,Lepidium coronopus (L.) Al-Shehbaz,P,Lepidium coronopus
1614,Lepidium densiflorum Schrad.,P A NAT,Lepidium densiflorum
1622,Lepidium didymum L.,P A NAT,Lepidium didymum
1619,Lepidium draba L. subsp. draba,P,Lepidium draba
1618,Lepidium graminifolium L. subsp. graminifolium,P,Lepidium graminifolium
1608,Lepidium hirtum (L.) Sm.,(P),Lepidium hirtum
1610,Lepidium hirtum (L.) Sm. subsp. nebrodense (Raf.) Thell.,P,Lepidium hirtum
1617,Lepidium latifolium L.,P,Lepidium latifolium
1612,Lepidium virginicum L. subsp. virginicum,P A NAT,Lepidium virginicum
1496,Lobularia libyca (Viv.) Meisn.,P,Lobularia libyca
1495,Lobularia maritima (L.) Desv.,P,Lobularia maritima
1465,Lunaria annua L.,P A CAS,Lunaria annua
1464,Lunaria rediviva L.,P A CAS,Lunaria rediviva
1368,Malcolmia maritima (L.) W.T.Aiton,P A CAS,Malcolmia maritima
1366,Marcus-kochia ramosissima (Desf.) Al-Shehbaz,P,Marcus-kochia ramosissima
1371,Maresia nana (DC.) Batt.,P,Maresia nana
1377,Matthiola fruticulosa (L.) Maire,(P),Matthiola fruticulosa
9559,Matthiola fruticulosa (L.) Maire subsp. coronopifolia (Sm.) Giardina & Raimondo,P,Matthiola fruticulosa
1378,Matthiola fruticulosa (L.) Maire subsp. fruticulosa,P,Matthiola fruticulosa
1372,Matthiola incana (L.) W.T.Aiton,(P),Matthiola incana
1373,Matthiola incana (L.) W.T.Aiton subsp. incana,P,Matthiola incana
1375,Matthiola incana (L.) W.T.Aiton subsp. pulchella (Conti) Greuter & Burdet,P,Matthiola incana
1374,Matthiola incana (L.) W.T.Aiton subsp. rupestris (Raf.) Nyman,P,Matthiola incana
1376,Matthiola sinuata (L.) W.T.Aiton,P,Matthiola sinuata
1380,Matthiola tricuspidata (L.) W.T.Aiton,P,Matthiola tricuspidata
1551,Microthlaspi perfoliatum (L.) F.K.Mey.,P,Microthlaspi perfoliatum
1625,Moricandia arvensis (L.) DC.,P,Moricandia arvensis
1626,Moricandia longirostris Pomel,P,Moricandia longirostris
1549,Mummenhoffia alliacea (L.) Esmailbegi & Al-Shehbaz,P,Mummenhoffia alliacea
1337,Myagrum perfoliatum L.,P,Myagrum perfoliatum
1402,Nasturtium officinale W.T.Aiton,P,Nasturtium officinale
1528,Neslia paniculata (L.) Desv.,(P),Neslia paniculata
1530,Neslia paniculata (L.) Desv. subsp. thracica (Velen.) Bornm.,P,Neslia paniculata
1556,Noccaea brevistyla (DC.) Steud.,P,Noccaea brevistyla
1489,Odontarrhena nebrodensis (Tineo) L.Cecchi & Selvi subsp. nebrodensis,P,Odontarrhena nebrodensis
1445,Pseudoturritis turrita (L.) Al-Shehbaz,P,Pseudoturritis turrita
1687,Raphanus raphanistrum L.,(P),Raphanus raphanistrum
1689,Raphanus raphanistrum L. subsp. landra (Moretti ex DC.) Bonnier & Layens,P,Raphanus raphanistrum
1688,Raphanus raphanistrum L. subsp. raphanistrum,P,Raphanus raphanistrum
1682,Rapistrum rugosum (L.) All.,P,Rapistrum rugosum
1395,Rorippa sylvestris (L.) Besser subsp. sylvestris,P,Rorippa sylvestris
1665,Sinapis alba L.,(P),Sinapis alba
1666,Sinapis alba L. subsp. alba,P,Sinapis alba
1668,Sinapis alba L. subsp. dissecta (Lag.) Bonnier,P,Sinapis alba
1667,Sinapis alba L. subsp. mairei (H.Lindb.) Maire,P,Sinapis alba
1663,Sinapis arvensis L. subsp. arvensis,P,Sinapis arvensis
1664,Sinapis pubescens L. subsp. pubescens,P,Sinapis pubescens
1400,Sisymbrella dentata (L.) O.E.Schulz,P,Sisymbrella dentata
1320,Sisymbrium altissimum L.,P,Sisymbrium altissimum
1323,Sisymbrium erysimoides Desf.,P,Sisymbrium erysimoides
1317,Sisymbrium irio L.,P,Sisymbrium irio
1324,Sisymbrium officinale (L.) Scop.,P,Sisymbrium officinale
1321,Sisymbrium orientale L.,P C,Sisymbrium orientale
1322,Sisymbrium polyceratium L.,P,Sisymbrium polyceratium
1367,Strigosella africana (L.) Botsch.,P,Strigosella africana
1678,Succowia balearica (L.) Medik.,P,Succowia balearica
1547,Teesdalia coronopifolia (J.P.Bergeret) Thell.,P,Teesdalia coronopifolia
1458,Turritis glabra L.,P,Turritis glabra
8408,Austrocylindropuntia cylindrica (Lam.) Backeb.,P A NAT,Austrocylindropuntia cylindrica
8409,Austrocylindropuntia subulata (Muehlenpf.) Backeb.,P A NAT,Austrocylindropuntia subulata
8531,Opuntia dejecta Salm-Dyck,P A NAT,Opuntia dejecta
13012,Opuntia elata hort. Berol. ex Salm-Dyck,(P A NAT),Opuntia elata
9099,Opuntia elata hort. Berol. ex Salm-Dyck subsp. elata,P A NAT,Opuntia elata
352,Opuntia elatior Mill.,P A NAT,Opuntia elatior
8537,Opuntia engelmannii Salm-Dyck ex Engelm.,P A CAS,Opuntia engelmannii
346,Opuntia ficus-indica (L.) Mill.,P A INV,Opuntia ficus-indica
8542,Opuntia microdasys (Lehm.) Pfeiff.,P A NAT,Opuntia microdasys
348,Opuntia monacantha Haw.,P A CAS,Opuntia monacantha
10449,Opuntia pilifera F.A.C.Weber,P A NAT,Opuntia pilifera
353,Opuntia robusta H.L.Wendl. ex Pfeiff.,P A NAT,Opuntia robusta
8544,Opuntia spinulifera Salm-Dyck,P A NAT,Opuntia spinulifera
10035,Opuntia streptacantha Lem.,P A NAT,Opuntia streptacantha
355,Opuntia stricta (Haw.) Haw.,P A INV,Opuntia stricta
8545,Opuntia tomentosa Salm-Dyck,P A NAT,Opuntia tomentosa
351,Opuntia tuna (L.) Mill.,P A NAT,Opuntia tuna
8498,Selenicereus triangularis (L.) D.R.Hunt,P A CAS,Selenicereus triangularis
9848,Selenicereus undatus (Haw.) D.R.Hunt,P A NAT,Selenicereus undatus
9094,Soehrensia spachiana (Lem.) Schlumpb.,P A CAS,Soehrensia spachiana
5305,Campanula dichotoma L.,P,Campanula dichotoma
5326,Campanula erinus L.,P,Campanula erinus
5348,Campanula scheuchzeri Vill.,(P),Campanula scheuchzeri
5350,"Campanula scheuchzeri Vill. subsp. pollinensis (Podlech) Bernardo, Gargano & Peruzzi",P,Campanula scheuchzeri
5328,Campanula trachelium L. subsp. trachelium,P,Campanula trachelium
5381,Edraianthus graminifolius (L.) A.DC. ex Meisn.,(P),Edraianthus graminifolius
5382,Edraianthus graminifolius (L.) A.DC. ex Meisn. subsp. graminifolius,P,Edraianthus graminifolius
5383,Edraianthus graminifolius (L.) A.DC. ex Meisn. subsp. siculus (Strobl) Lakušić ex Greuter & Burdet,P,Edraianthus graminifolius
5384,Jasione montana L.,P,Jasione montana
9847,Legousia falcata (Ten.) Fritsch,P,Legousia falcata
5281,Legousia hybrida (L.) Delarbre,P,Legousia hybrida
5282,Legousia speculum-veneris (L.) Chaix subsp. speculum-veneris,P,Legousia speculum-veneris
10457,Lobelia erinus L.,P A CAS,Lobelia erinus
5391,"Solenopsis bivonae (Tineo) M.B.Crespo, Serra & Juan",P,Solenopsis bivonae
5388,Solenopsis laurentia (L.) C.Presl,P,Solenopsis laurentia
9666,"Solenopsis mothiana C.Brullo, Brullo & Giusso",P,Solenopsis mothiana
5284,Trachelium caeruleum L.,(P),Trachelium caeruleum
5285,Trachelium caeruleum L. subsp. caeruleum,P A NAT,Trachelium caeruleum
5286,Trachelium caeruleum L. subsp. lanceolatum (Guss.) Arcang.,P,Trachelium caeruleum
5380,Wahlenbergia lobelioides (L.f.) Link subsp. nutabunda (Guss.) Murb.,P,Wahlenbergia lobelioides
296,Cannabis sativa L.,P A CAS,Cannabis sativa
285,Celtis australis L. subsp. australis,P,Celtis australis
286,Celtis tournefortii Lam.,(P),Celtis tournefortii
9520,Celtis tournefortii Lam. subsp. aetnensis (Tornab.) Raimondo & Schicchi,P,Celtis tournefortii
9521,Celtis tournefortii Lam. subsp. asperrima (Lojac.) Raimondo & Schicchi,P,Celtis tournefortii
11557,Canna glauca L.,P A CAS,Canna glauca
8098,Canna indica L.,P A CAS,Canna indica
1313,Capparis orientalis Veill.,P,Capparis orientalis
11488,Capparis sicula Veill.,P,Capparis sicula
1312,Capparis spinosa L.,P,Capparis spinosa
5157,Lonicera etrusca Santi,P,Lonicera etrusca
5155,Lonicera implexa Aiton subsp. implexa,P,Lonicera implexa
5154,Lonicera japonica Thunb.,P A CAS,Lonicera japonica
5152,Lonicera xylosteum L.,P,Lonicera xylosteum
898,Agrostemma githago L. subsp. githago,P A NAT,Agrostemma githago
590,Arenaria grandiflora L. subsp. grandiflora,P,Arenaria grandiflora
600,Arenaria leptoclados (Rchb.) Guss. subsp. leptoclados,P,Arenaria leptoclados
598,Arenaria serpyllifolia L. subsp. serpyllifolia,P,Arenaria serpyllifolia
699,Cerastium brachypetalum Desp. ex Pers.,(P),Cerastium brachypetalum
700,Cerastium brachypetalum Desp. ex Pers. subsp. brachypetalum,P,Cerastium brachypetalum
701,Cerastium brachypetalum Desp. ex Pers. subsp. roeseri (Boiss. & Heldr.) Nyman,P,Cerastium brachypetalum
702,Cerastium brachypetalum Desp. ex Pers. subsp. tenoreanum (Ser.) Soó,P,Cerastium brachypetalum
710,Cerastium diffusum Pers.,(P),Cerastium diffusum
711,Cerastium diffusum Pers. subsp. diffusum,P,Cerastium diffusum
712,Cerastium diffusum Pers. subsp. gussonei (Tod. ex Lojac.) P.D.Sell & Whitehead,P,Cerastium diffusum
673,Cerastium dubium (Bastard) Guépin,P,Cerastium dubium
704,Cerastium glomeratum Thuill.,P,Cerastium glomeratum
9802,Cerastium glutinosum Fr.,P,Cerastium glutinosum
697,Cerastium holosteoides Fr.,P,Cerastium holosteoides
681,"Cerastium lacaitae Barberis, Bechi & Miceli",P,Cerastium lacaitae
713,Cerastium pentandrum L.,P,Cerastium pentandrum
708,Cerastium pumilum Curtis,P,Cerastium pumilum
715,Cerastium semidecandrum L.,P,Cerastium semidecandrum
714,Cerastium siculum Guss.,P,Cerastium siculum
674,Cerastium tomentosum L.,P,Cerastium tomentosum
745,Corrigiola litoralis L. subsp. litoralis,P,Corrigiola litoralis
950,Dianthus armeria L. subsp. armeria,P,Dianthus armeria
959,Dianthus arrostoi C.Presl,P,Dianthus arrostoi
10481,"Dianthus borbonicus Brullo, C.Brullo, Colombo, Giusso, Ilardi & R.Perrone",P,Dianthus borbonicus
976,Dianthus busambrae Soldano & F.Conti,P,Dianthus busambrae
8304,Dianthus cyathophorus Moris,(P),Dianthus cyathophorus
9525,"Dianthus cyathophorus Moris subsp. minae (Mazzola, Raimondo & Ilardi) Raimondo",P,Dianthus cyathophorus
951,Dianthus deltoides L. subsp. deltoides,P,Dianthus deltoides
8826,Dianthus gasparrinii Guss.,P,Dianthus gasparrinii
8829,Dianthus graminifolius C.Presl,P,Dianthus graminifolius
919,"Dianthus illyricus (Ard.) Fassou, N.Korotkova, Dimop. & Borsch subsp. haynaldianus (Nyman) Fassou, N.Korotkova, Dimop. & Borsch",P,Dianthus illyricus
980,Dianthus nudiflorus Griff.,P,Dianthus nudiflorus
926,Dianthus rupicola Biv.,(P),Dianthus rupicola
929,Dianthus rupicola Biv. subsp. aeolicus (Lojac.) Brullo & Miniss.,P,Dianthus rupicola
928,Dianthus rupicola Biv. subsp. lopadusanus Brullo & Miniss.,P,Dianthus rupicola
927,Dianthus rupicola Biv. subsp. rupicola,P,Dianthus rupicola
957,Dianthus siculus C.Presl,P,Dianthus siculus
956,Dianthus virgineus L.,P,Dianthus virgineus
869,Eudianthe coeli-rosa (L.) Fenzl ex Endl.,P,Eudianthe coeli-rosa
906,Gypsophila arrostoi Guss. subsp. arrostoi,P,Gypsophila arrostoi
918,Gypsophila vaccaria (L.) Sm.,P C,Gypsophila vaccaria
765,Herniaria cinerea DC.,P,Herniaria cinerea
758,Herniaria glabra L.,(P),Herniaria glabra
759,Herniaria glabra L. subsp. glabra,P,Herniaria glabra
760,Herniaria glabra L. subsp. nebrodensis Nyman,P,Herniaria glabra
762,Herniaria hirsuta L.,(P),Herniaria hirsuta
763,Herniaria hirsuta L. subsp. hirsuta,P,Herniaria hirsuta
766,Herniaria permixta Jan ex Guss.,P,Herniaria permixta
670,Holosteum umbellatum L.,P,Holosteum umbellatum
777,Loeflingia hispanica L.,P,Loeflingia hispanica
625,Mcneillia rosanoi (Ten.) F.Conti & Del Guacchio,(P),Mcneillia rosanoi
628,Mcneillia rosanoi (Ten.) F.Conti & Del Guacchio subsp. rosanoi,P,Mcneillia rosanoi
622,Minuartia recurva (All.) Schinz & Thell.,(P),Minuartia recurva
624,Minuartia recurva (All.) Schinz & Thell. subsp. condensata (C.Presl) Greuter & Burdet,P,Minuartia recurva
602,Moehringia pentandra J.Gay,P,Moehringia pentandra
601,Moehringia trinervia (L.) Clairv.,P,Moehringia trinervia
720,"Moenchia erecta (L.) G.Gaertn., B.Mey. & Scherb.",(P),Moenchia erecta
721,"Moenchia erecta (L.) G.Gaertn., B.Mey. & Scherb. subsp. erecta",P,Moenchia erecta
751,Paronychia arabica (L.) DC. subsp. longiseta Batt.,P,Paronychia arabica
749,Paronychia argentea Lam.,P,Paronychia argentea
756,Paronychia capitata (L.) Lam. subsp. capitata,P,Paronychia capitata
748,Paronychia echinulata Chater,P,Paronychia echinulata
925,Petrorhagia dubia (Raf.) G.López & Romo,P,Petrorhagia dubia
923,Petrorhagia prolifera (L.) P.W.Ball & Heywood,P,Petrorhagia prolifera
920,Petrorhagia saxifraga (L.) Link,(P),Petrorhagia saxifraga
922,Petrorhagia saxifraga (L.) Link subsp. gasparrinii (Guss.) Pignatti ex Greuter & Burdet,P,Petrorhagia saxifraga
772,Polycarpon tetraphyllum (L.) L.,(P),Polycarpon tetraphyllum
774,Polycarpon tetraphyllum (L.) L. subsp. alsinifolium (Biv.) Ball,P,Polycarpon tetraphyllum
775,Polycarpon tetraphyllum (L.) L. subsp. diphyllum (Cav.) O.Bolòs & Font Quer,P,Polycarpon tetraphyllum
771,Polycarpon tetraphyllum (L.) L. subsp. polycarpoides (Biv.) Iamonico,P,Polycarpon tetraphyllum
773,Polycarpon tetraphyllum (L.) L. subsp. tetraphyllum,P,Polycarpon tetraphyllum
650,Rhodalsine geniculata (Poir.) F.N.Williams,P,Rhodalsine geniculata
618,Sabulina mediterranea (Ledeb. ex Link) Rchb. subsp. mediterranea,P,Sabulina mediterranea
9939,Sabulina tenuifolia (L.) Rchb.,(P),Sabulina tenuifolia
617,Sabulina tenuifolia (L.) Rchb. subsp. tenuifolia,P,Sabulina tenuifolia
639,Sabulina verna (L.) Rchb.,(P),Sabulina verna
643,Sabulina verna (L.) Rchb. subsp. grandiflora (C.Presl) Dillenb. & Kadereit,P,Sabulina verna
640,Sabulina verna (L.) Rchb. subsp. verna,P,Sabulina verna
727,Sagina alexandrae Iamonico,P,Sagina alexandrae
730,Sagina apetala Ard. subsp. apetala,P,Sagina apetala
732,Sagina maritima Don,P,Sagina maritima
729,Sagina procumbens L.,P,Sagina procumbens
917,Saponaria officinalis L.,P,Saponaria officinalis
912,Saponaria sicula Raf.,P,Saponaria sicula
741,Scleranthus aetnensis Strobl,P,Scleranthus aetnensis
740,Scleranthus annuus L.,P,Scleranthus annuus
734,Scleranthus perennis L.,(P),Scleranthus perennis
738,Scleranthus perennis L. subsp. marginatus (Guss.) Nyman,P,Scleranthus perennis
735,Scleranthus perennis L. subsp. perennis,P,Scleranthus perennis
9576,Scleranthus perennis L. subsp. stroblii (Rchb. ex Strobl) Giardina & Raimondo,P,Scleranthus perennis
736,Scleranthus perennis L. subsp. vulcanicus (Strobl) Bég.,P,Scleranthus perennis
742,Scleranthus polycarpos L.,P,Scleranthus polycarpos
885,Silene apetala Willd.,P,Silene apetala
882,Silene arghireica Vals.,P,Silene arghireica
899,Silene baccifera (L.) Durande,P,Silene baccifera
864,Silene behen L.,P,Silene behen
884,Silene bellidifolia Jacq.,P,Silene bellidifolia
878,Silene colorata Poir.,P,Silene colorata
886,Silene conica L.,P,Silene conica
10507,"Silene crassiuscula Brullo, C.Brullo, Cambria, Bacch., Giusso & Ilardi",P,Silene crassiuscula
808,Silene fruticosa L.,P,Silene fruticosa
855,Silene fuscata Brot.,P,Silene fuscata
876,Silene gallica L.,P,Silene gallica
804,Silene hicesiae Brullo & Signor.,P,Silene hicesiae
798,Silene italica (L.) Pers.,(P),Silene italica
800,Silene italica (L.) Pers. subsp. sicula (Ucria) Jeanm.,P,Silene italica
9528,"Silene kemoniana C.Brullo, Brullo, Giusso, Ilardi & Sciandr.",P,Silene kemoniana
849,Silene latifolia Poir.,P,Silene latifolia
856,Silene minae Strobl,P,Silene minae
863,Silene muscipula L. subsp. muscipula,P,Silene muscipula
10466,"Silene nefelites C.Brullo, Brullo, Giusso & Ilardi",P,Silene nefelites
875,Silene neglecta Ten.,P,Silene neglecta
872,Silene niceensis All.,P,Silene niceensis
9612,Silene nocturna L.,(P),Silene nocturna
874,Silene nocturna L. subsp. nocturna,P,Silene nocturna
11517,"Silene peloritana C.Brullo, Brullo, Giusso, Miniss. & Sciandr.",P,Silene peloritana
870,Silene pendula L.,P,Silene pendula
834,Silene saxifraga L.,P,Silene saxifraga
860,Silene sedoides Poir. subsp. sedoides,P,Silene sedoides
862,Silene tenuiflora Guss.,P,Silene tenuiflora
859,Silene turbinata Guss.,P,Silene turbinata
814,Silene viridiflora L.,P,Silene viridiflora
824,Silene vulgaris (Moench) Garcke,(P),Silene vulgaris
827,Silene vulgaris (Moench) Garcke subsp. commutata (Guss.) Hayek,P,Silene vulgaris
12954,Silene vulgaris (Moench) Garcke subsp. macrocarpa Turrill,P,Silene vulgaris
826,Silene vulgaris (Moench) Garcke subsp. tenoreana (Colla) Soldano & F.Conti,P,Silene vulgaris
825,Silene vulgaris (Moench) Garcke subsp. vulgaris,P,Silene vulgaris
778,Spergula arvensis L.,P,Spergula arvensis
780,Spergula pentandra L.,P,Spergula pentandra
790,Spergularia bocconei (Scheele) Graebn.,P,Spergularia bocconei
787,Spergularia diandra (Guss.) Heldr.,P,Spergularia diandra
791,Spergularia heldreichii E.Simon & P.Monnier,P,Spergularia heldreichii
9582,Spergularia madoniaca Lojac.,P,Spergularia madoniaca
785,Spergularia marina (L.) Besser,P,Spergularia marina
783,Spergularia media (L.) C.Presl,P,Spergularia media
9583,Spergularia radicans C.Presl,P,Spergularia radicans
788,Spergularia rubra (L.) J.Presl & C.Presl,P,Spergularia rubra
656,Stellaria media (L.) Vill.,(P),Stellaria media
657,Stellaria media (L.) Vill. subsp. media,P,Stellaria media
660,Stellaria neglecta Weihe,(P),Stellaria neglecta
659,Stellaria neglecta Weihe subsp. cupaniana (Jord. & Fourr.) Gutermann,P,Stellaria neglecta
9885,Stellaria neglecta Weihe subsp. neglecta,P,Stellaria neglecta
661,Stellaria pallida (Dumort.) Crép.,P,Stellaria pallida
8425,Casuarina equisetifolia L. subsp. equisetifolia,P A CAS,Casuarina equisetifolia
3053,Euonymus europaeus L.,P,Euonymus europaeus
985,Ceratophyllum demersum L.,P,Ceratophyllum demersum
986,Ceratophyllum submersum L. subsp. submersum,P,Ceratophyllum submersum
3236,Cistus clusii Dunal,P,Cistus clusii
3237,Cistus creticus L.,(P),Cistus creticus
3238,Cistus creticus L. subsp. creticus,P,Cistus creticus
3240,Cistus creticus L. subsp. eriocephalus (Viv.) Greuter & Burdet,P,Cistus creticus
3231,Cistus crispus L.,P,Cistus crispus
3233,Cistus monspeliensis L.,P,Cistus monspeliensis
3232,Cistus parviflorus Lam.,P,Cistus parviflorus
3234,Cistus salviifolius L.,P,Cistus salviifolius
3277,Fumana arabica (L.) Spach,P,Fumana arabica
3283,Fumana juniperina (Lag. ex Dunal) Pau,P,Fumana juniperina
3282,Fumana laevipes (L.) Spach,P,Fumana laevipes
3284,Fumana laevis (Cav.) Pau,P,Fumana laevis
3278,Fumana procumbens (Dunal) Gren. & Godr.,P,Fumana procumbens
3280,Fumana scoparia Pomel,P,Fumana scoparia
3281,Fumana thymifolia (L.) Spach ex Webb,P,Fumana thymifolia
3265,Helianthemum aegyptiacum (L.) Mill.,P,Helianthemum aegyptiacum
3273,Helianthemum cinereum (Cav.) Pers. subsp. rotundifolium (Dunal) Greuter & Burdet,P,Helianthemum cinereum
3250,Helianthemum croceum (Desf.) Pers.,P,Helianthemum croceum
3262,Helianthemum ledifolium (L.) Mill.,P,Helianthemum ledifolium
3261,Helianthemum lippii (L.) Dum.Cours.,P,Helianthemum lippii
3251,Helianthemum nummularium (L.) Mill.,(P),Helianthemum nummularium
3252,Helianthemum nummularium (L.) Mill. subsp. nummularium,P,Helianthemum nummularium
3254,Helianthemum nummularium (L.) Mill. subsp. obscurum (Čelak.) Holub,P,Helianthemum nummularium
3253,Helianthemum nummularium (L.) Mill. subsp. tomentosum (Scop.) Schinz & Thell.,P,Helianthemum nummularium
3266,Helianthemum oelandicum (L.) Dum.Cours.,(P),Helianthemum oelandicum
3270,Helianthemum oelandicum (L.) Dum.Cours. subsp. allionii (Tineo) Greuter & Burdet,P,Helianthemum oelandicum
3271,Helianthemum oelandicum (L.) Dum.Cours. subsp. incanum (Willk.) G.López,P,Helianthemum oelandicum
3272,Helianthemum oelandicum (L.) Dum.Cours. subsp. nebrodense (Heldr. ex Guss.) Greuter & Burdet,P,Helianthemum oelandicum
3263,Helianthemum salicifolium (L.) Mill.,P,Helianthemum salicifolium
3264,Helianthemum sanguineum (Lag.) Lag. ex Dunal,P,Helianthemum sanguineum
8889,"Helianthemum sicanorum Brullo, Giusso & Sciandr.",P,Helianthemum sicanorum
3243,Tuberaria guttata (L.) Fourr.,P,Tuberaria guttata
3244,Tuberaria inconspicua (Pers.) Willk.,P,Tuberaria inconspicua
3242,Tuberaria lignosa (Sweet) Samp.,P,Tuberaria lignosa
3246,Tuberaria praecox (Salzm. ex Boiss. & Reut.) Grosser,P,Tuberaria praecox
3245,Tuberaria villosissima (Pomel) Grosser,P,Tuberaria villosissima
12656,Colchicum aetnense Tineo,P,Colchicum aetnense
6760,Colchicum alpinum DC.,P,Colchicum alpinum
6767,Colchicum bivonae Guss.,P,Colchicum bivonae
6759,Colchicum cupanii Guss. subsp. cupanii,P,Colchicum cupanii
11350,Colchicum neapolitanum (Ten.) Ten.,(P),Colchicum neapolitanum
6765,Colchicum neapolitanum (Ten.) Ten. subsp. neapolitanum,P,Colchicum neapolitanum
6770,Colchicum triphyllum Kunze,P,Colchicum triphyllum
11519,Commelina benghalensis L.,P A CAS,Commelina benghalensis
12667,Commelina erecta L.,P A CAS,Commelina erecta
7155,Tradescantia fluminensis Vell.,P A NAT,Tradescantia fluminensis
11689,Tradescantia pallida (Rose) D.R.Hunt,P A CAS,Tradescantia pallida
4235,Convolvulus althaeoides L.,P,Convolvulus althaeoides
4233,Convolvulus arvensis L.,P,Convolvulus arvensis
4222,Convolvulus cantabrica L.,P,Convolvulus cantabrica
4220,Convolvulus cneorum L.,P,Convolvulus cneorum
4236,Convolvulus elegantissimus Mill.,P,Convolvulus elegantissimus
8443,Convolvulus farinosus L.,P A CAS,Convolvulus farinosus
4223,Convolvulus humilis Jacq.,P,Convolvulus humilis
4221,Convolvulus lineatus L.,P,Convolvulus lineatus
4228,Convolvulus pentapetaloides L.,P,Convolvulus pentapetaloides
12077,Convolvulus sabatius Viv.,(P A),Convolvulus sabatius
4232,Convolvulus sabatius Viv. subsp. sabatius,P A,Convolvulus sabatius
4218,Convolvulus sepium L.,P,Convolvulus sepium
4229,Convolvulus siculus L.,(P),Convolvulus siculus
4230,Convolvulus siculus L. subsp. siculus,P,Convolvulus siculus
4219,Convolvulus silvaticus Kit.,P,Convolvulus silvaticus
4217,Convolvulus soldanella L.,P,Convolvulus soldanella
4224,Convolvulus tricolor L.,(P),Convolvulus tricolor
4226,Convolvulus tricolor L. subsp. cupanianus (Tod.) Cavara & Grande,P,Convolvulus tricolor
4227,Convolvulus tricolor L. subsp. meonanthus (Hoffmanns. & Link) Arcang.,P,Convolvulus tricolor
4215,Cressa cretica L.,P,Cressa cretica
4208,Cuscuta approximata Bab.,(P),Cuscuta approximata
4209,Cuscuta approximata Bab. subsp. approximata,P,Cuscuta approximata
4210,Cuscuta approximata Bab. subsp. macranthera (Heldr. & Sartoni ex Boiss.) Feinbrun & Greuter,P,Cuscuta approximata
4196,Cuscuta campestris Yunck.,P A NAT,Cuscuta campestris
4200,Cuscuta epilinum Weihe,P A NAT,Cuscuta epilinum
4202,Cuscuta epithymum (L.) L.,(P),Cuscuta epithymum
4203,Cuscuta epithymum (L.) L. subsp. epithymum,P,Cuscuta epithymum
4204,Cuscuta epithymum (L.) L. subsp. kotschyi (Des Moul.) Arcang.,P,Cuscuta epithymum
4199,Cuscuta europaea L.,P,Cuscuta europaea
4201,Cuscuta palaestina Boiss. subsp. palaestina,P,Cuscuta palaestina
4207,Cuscuta planiflora Ten.,P,Cuscuta planiflora
4213,Cuscuta scandens Brot.,P C,Cuscuta scandens
4216,Dichondra micrantha Urb.,P A CAS,Dichondra micrantha
9556,Ipomoea batatas (L.) Lam.,P A CAS,Ipomoea batatas
9438,Ipomoea cairica (L.) Sweet,P A NAT,Ipomoea cairica
4237,Ipomoea imperati (Vahl) Griseb.,P,Ipomoea imperati
4240,Ipomoea indica (Burm.) Merr.,P A INV,Ipomoea indica
4239,Ipomoea purpurea (L.) Roth,P A NAT,Ipomoea purpurea
4238,Ipomoea sagittata Poir.,P C,Ipomoea sagittata
3026,Coriaria myrtifolia L.,P A CAS,Coriaria myrtifolia
3399,Cornus sanguinea L.,P,Cornus sanguinea
1734,Aeonium arboreum (L.) Webb & Berthel.,P A CAS,Aeonium arboreum
1736,Aeonium decorum Webb ex Bolle,P A CAS,Aeonium decorum
8383,Aeonium gomerense (Praeger) Praeger,P A CAS,Aeonium gomerense
1737,Aeonium haworthii Webb & Berthel.,P A CAS,Aeonium haworthii
12670,Aeonium lancerottense (Praeger) Praeger,P A CAS,Aeonium lancerottense
1735,Aeonium simsii (Sweet) Stearn,P A CAS,Aeonium simsii
1713,Bulliarda vaillantii (Willd.) DC.,P,Bulliarda vaillantii
1715,Cotyledon orbiculata L.,P A CAS,Cotyledon orbiculata
8328,Crassula alata (Viv.) A.Berger,P C,Crassula alata
1712,Crassula campestris (Eckl. & Zeyh.) Endl. ex Walp. subsp. campestris,P A NAT,Crassula campestris
1708,Crassula muscosa L.,P A CAS,Crassula muscosa
1707,Crassula ovata (Mill.) Druce,P A CAS,Crassula ovata
1709,Crassula tetragona L. subsp. robusta (Toelken) Toelken,P A CAS,Crassula tetragona
1711,Crassula tillaea Lest.-Garl.,P,Crassula tillaea
1738,Graptopetalum paraguayense (N.E.Br.) Walther subsp. paraguayense,P A CAS,Graptopetalum paraguayense
9683,Kalanchoë ×houghtonii D.B.Ward,P A CAS,Kalanchoe ×houghtonii
1714,Kalanchoë daigremontiana Raym.-Hamet & H.Perrier,P A CAS,Kalanchoe daigremontiana
8509,Kalanchoë delagoënsis Eckl. & Zeyh.,P A CAS,Kalanchoe delagoensis
1741,Petrosedum ochroleucum (Chaix) Niederle,(P),Petrosedum ochroleucum
9738,Petrosedum ochroleucum (Chaix) Niederle subsp. mediterraneum (L.Gallo) Niederle,P,Petrosedum ochroleucum
1740,Petrosedum sediforme (Jacq.) Grulich subsp. sediforme,P,Petrosedum sediforme
1750,Petrosedum tenuifolium (Sm.) Grulich,P,Petrosedum tenuifolium
1785,Phedimus stellatus (L.) Raf.,P,Phedimus stellatus
1751,Sedum acre L.,P,Sedum acre
1772,Sedum aetnense Tineo,P,Sedum aetnense
1754,Sedum album L.,(P),Sedum album
9359,Sedum album L. subsp. micranthum (Bast. ex DC.) Syme,P,Sedum album
1777,Sedum caeruleum L.,P,Sedum caeruleum
1774,Sedum caespitosum (Cav.) DC.,P,Sedum caespitosum
1766,Sedum cepaea L.,P,Sedum cepaea
1756,Sedum dasyphyllum L.,(P),Sedum dasyphyllum
9360,Sedum dasyphyllum L. subsp. dasyphyllum,P,Sedum dasyphyllum
9361,Sedum dasyphyllum L. subsp. glanduliferum (Guss.) Nyman,P,Sedum dasyphyllum
1755,Sedum gypsicola Boiss. & Reut.,P,Sedum gypsicola
1776,Sedum hispanicum L.,P,Sedum hispanicum
1771,Sedum litoreum Guss.,P,Sedum litoreum
1780,Sedum nussbaumerianum Bitter,P A CAS,Sedum nussbaumerianum
1739,Sedum praealtum A.DC.,P A CAS,Sedum praealtum
1773,Sedum rubens L.,P,Sedum rubens
1718,Umbilicus horizontalis (Guss.) DC.,P,Umbilicus horizontalis
1717,Umbilicus rupestris (Salisb.) Dandy,P,Umbilicus rupestris
3309,Bryonia acuta Desf.,P,Bryonia acuta
3308,Bryonia dioica Jacq.,P,Bryonia dioica
3312,Citrullus colocynthis (L.) Schrad.,P,Citrullus colocynthis
3311,Citrullus lanatus (Thunb.) Matsum. & Nakai subsp. lanatus,P A CAS,Citrullus lanatus
3313,Cucumis melo L. subsp. melo,P A CAS,Cucumis melo
3314,Cucumis sativus L. subsp. sativus,P A CAS,Cucumis sativus
3317,Cucurbita maxima Duchesne subsp. maxima,P A CAS,Cucurbita maxima
3316,Cucurbita pepo L. subsp. pepo,P A CAS,Cucurbita pepo
3306,Ecballium elaterium (L.) A.Rich.,P,Ecballium elaterium
11564,Luffa aegyptiaca Mill.,P A CAS,Luffa aegyptiaca
3319,Sicyos angulatus L.,P A NAT,Sicyos angulatus
167,Cupressus sempervirens L.,P A NAT,Cupressus sempervirens
8420,Hesperocyparis macrocarpa (Hartw. ex Gordon) Bartel,P A CAS,Hesperocyparis macrocarpa
168,Juniperus communis L.,P,Juniperus communis
171,Juniperus macrocarpa Sm.,P,Juniperus macrocarpa
174,Juniperus turbinata Guss.,P,Juniperus turbinata
6735,Cymodocea nodosa (Ucria) Asch.,P,Cymodocea nodosa
3398,Cynomorium coccineum L. subsp. coccineum,P,Cynomorium coccineum
9198,Bolboschoenus glaucus (Lam.) S.G.Sm.,P,Bolboschoenus glaucus
8023,Bolboschoenus maritimus (L.) Palla,P,Bolboschoenus maritimus
7921,Carex acutiformis Ehrh.,P,Carex acutiformis
7957,Carex caryophyllea Latourr.,P,Carex caryophyllea
7949,Carex demissa Hornem. subsp. demissa,P,Carex demissa
7937,Carex depauperata Curtis ex With.,P,Carex depauperata
7887,Carex distachya Desf.,P,Carex distachya
7942,Carex distans L.,P,Carex distans
7899,Carex divisa Huds.,P,Carex divisa
7894,Carex divulsa Stokes,P,Carex divulsa
7907,Carex echinata Murray subsp. echinata,P,Carex echinata
7944,Carex extensa Gooden.,P,Carex extensa
7931,Carex flacca Schreb.,(P),Carex flacca
7934,Carex flacca Schreb. subsp. erythrostachys (Hoppe) Holub,P,Carex flacca
7963,Carex grioletii Roem.,P,Carex grioletii
7952,Carex halleriana Asso,P,Carex halleriana
7935,Carex hispida Willd. ex Schkuhr,P,Carex hispida
7961,Carex illegitima Ces.,P,Carex illegitima
7906,Carex leporina L.,P,Carex leporina
7999,Carex nigra (L.) Reichard,(P),Carex nigra
8001,Carex nigra (L.) Reichard subsp. intricata (Tineo ex Guss.) Rivas Mart.,P,Carex nigra
7967,Carex olbiensis Jord.,P,Carex olbiensis
7892,Carex otrubae Podp.,P,Carex otrubae
7951,Carex pallescens L.,P,Carex pallescens
7888,Carex paniculata L. subsp. paniculata,P,Carex paniculata
8004,Carex panormitana Guss.,P,Carex panormitana
7926,Carex pendula Huds.,P,Carex pendula
7943,Carex punctata Gaudin,P,Carex punctata
7904,Carex remota L.,P,Carex remota
7922,Carex riparia Curtis,P,Carex riparia
7925,Carex vesicaria L.,P,Carex vesicaria
8069,Cladium mariscus (L.) Pohl,P,Cladium mariscus
9181,Cyperus alopecuroides Rottb.,P,Cyperus alopecuroides
11599,Cyperus alternifolius L.,(P A NAT),Cyperus alternifolius
8094,Cyperus alternifolius L. subsp. flabelliformis Kük.,P A NAT,Cyperus alternifolius
8097,Cyperus badius Desf.,P,Cyperus badius
8080,Cyperus capitatus Vand.,P,Cyperus capitatus
8079,Cyperus difformis L.,P A NAT,Cyperus difformis
8085,Cyperus distachyos All.,P,Cyperus distachyos
8093,Cyperus eragrostis Lam.,P A NAT,Cyperus eragrostis
8075,Cyperus esculentus L.,P A NAT,Cyperus esculentus
8088,Cyperus flavescens L.,P,Cyperus flavescens
8078,Cyperus fuscus L.,P,Cyperus fuscus
8077,Cyperus glaber L.,P,Cyperus glaber
8084,Cyperus laevigatus L.,P,Cyperus laevigatus
8073,Cyperus longus L.,P,Cyperus longus
8081,Cyperus michelianus (L.) Delile,P,Cyperus michelianus
8454,Cyperus papyrus L.,P A NAT,Cyperus papyrus
8074,Cyperus rotundus L.,P C,Cyperus rotundus
8044,Eleocharis atropurpurea (Retz.) J.Presl & C.Presl,P A CAS,Eleocharis atropurpurea
9045,Eleocharis caduca (Delile) Schult.,P,Eleocharis caduca
12141,Eleocharis palustris (L.) Roem. & Schult.,(P),Eleocharis palustris
8045,Eleocharis palustris (L.) Roem. & Schult. subsp. palustris,P,Eleocharis palustris
8066,Fimbristylis bisumbellata (Forssk.) Bubani,P,Fimbristylis bisumbellata
8036,Isolepis cernua (Vahl) Roem. & Schult.,P,Isolepis cernua
8028,Schoenoplectiella mucronata (L.) J.Jung & H.K.Choi,P,Schoenoplectiella mucronata
8027,Schoenoplectus lacustris (L.) Palla,P,Schoenoplectus lacustris
8032,Schoenoplectus litoralis (Schrad.) Palla,P,Schoenoplectus litoralis
9586,Schoenoplectus tabernaemontani (C.C.Gmel.) Palla,P,Schoenoplectus tabernaemontani
8031,Schoenoplectus triqueter (L.) Palla,P,Schoenoplectus triqueter
8067,Schoenus nigricans L.,P,Schoenus nigricans
8024,Scirpoides holoschoenus (L.) Soják,P,Scirpoides holoschoenus
8020,Scirpus sylvaticus L.,P,Scirpus sylvaticus
111,Cystopteris alpina (Lam.) Desv.,P,Cystopteris alpina
112,Cystopteris dickieana R.Sim,P,Cystopteris dickieana
109,Cystopteris fragilis (L.) Bernh.,P,Cystopteris fragilis
344,Cytinus hypocistis (L.) L. subsp. hypocistis,P,Cytinus hypocistis
345,Cytinus ruber (Fourr.) Fritsch,P,Cytinus ruber
68,Pteridium aquilinum (L.) Kuhn subsp. aquilinum,P,Pteridium aquilinum
9491,Portulacaria afra Jacq.,P A CAS,Portulacaria afra
7009,Dioscorea communis (L.) Caddick & Wilkin,P,Dioscorea communis
5210,Cephalaria joppensis (Rchb.) Coult.,P,Cephalaria joppensis
5208,Cephalaria syriaca (L.) Roem. & Schult.,P A CAS,Cephalaria syriaca
5209,Cephalaria transsylvanica (L.) Roem. & Schult.,P,Cephalaria transsylvanica
11569,Dipsacus fullonum L.,(P),Dipsacus fullonum
5213,Dipsacus fullonum L. subsp. fullonum,P,Dipsacus fullonum
5239,Knautia calycina (C.Presl) Guss.,P,Knautia calycina
5243,Knautia integrifolia (L.) Bertol. subsp. integrifolia,P,Knautia integrifolia
5268,Lomelosia argentea (L.) Greuter & Burdet,P,Lomelosia argentea
5263,Lomelosia crenata (Cirillo) Greuter & Burdet,(P),Lomelosia crenata
5264,Lomelosia crenata (Cirillo) Greuter & Burdet subsp. crenata,P,Lomelosia crenata
5262,Lomelosia cretica (L.) Greuter & Burdet,P,Lomelosia cretica
5278,Lomelosia rutifolia (Vahl) Avino & P.Caputo,P,Lomelosia rutifolia
5273,Pseudoscabiosa limonifolia (Vahl) Devesa,P,Pseudoscabiosa limonifolia
5248,Scabiosa parviflora Desf.,P,Scabiosa parviflora
5274,Sixalix atropurpurea (L.) Greuter & Burdet,P,Sixalix atropurpurea
139,Cyrtomium falcatum (L.f.) C.Presl,P A,Cyrtomium falcatum
129,Dryopteris filix-mas (L.) Schott,P,Dryopteris filix-mas
124,Dryopteris pallida (Bory) Maire & Petitm. subsp. pallida,P,Dryopteris pallida
131,Dryopteris pseudomas (Woll.) Holub & Pouzar subsp. pseudomas,P,Dryopteris pseudomas
135,Polystichum setiferum (Forssk.) T.Moore ex Woyn.,P,Polystichum setiferum
9669,Diospyros kaki Thunb.,P A NAT,Diospyros kaki
3300,Elatine alsinastrum L.,P,Elatine alsinastrum
9351,"Elatine gussonei (Sommier) Brullo, Lanfr., Pavone & Ronsisv.",P,Elatine gussonei
3302,Elatine macropoda Guss.,P,Elatine macropoda
12943,"Ephedra aurea Brullo, C.Brullo, Cambria, Ilardi, Siracusa & Giusso",P,Ephedra aurea
11487,Ephedra distachya L.,(P),Ephedra distachya
179,Ephedra distachya L. subsp. distachya,P,Ephedra distachya
178,Ephedra fragilis Desf.,P,Ephedra fragilis
181,Ephedra major Host subsp. major,P,Ephedra major
30,Equisetum arvense L.,P,Equisetum arvense
28,Equisetum palustre L.,P,Equisetum palustre
24,Equisetum ramosissimum Desf.,P,Equisetum ramosissimum
29,Equisetum telmateia Ehrh.,P,Equisetum telmateia
3730,Arbutus unedo L.,P,Arbutus unedo
3719,Erica arborea L.,P,Erica arborea
9551,Erica multiflora L.,(P),Erica multiflora
9550,Erica multiflora L. subsp. hyblaea Domina & Raimondo,P,Erica multiflora
3721,Erica multiflora L. subsp. multiflora,P,Erica multiflora
3716,Erica sicula Guss. subsp. sicula,P,Erica sicula
3715,Monotropa hypophegea Wallr.,P,Monotropa hypophegea
3714,Monotropa hypopitys L.,P,Monotropa hypopitys
3712,Orthilia secunda (L.) House,P,Orthilia secunda
2890,Chrozophora tinctoria (L.) A.Juss.,P,Chrozophora tinctoria
2903,Euphorbia akenocarpa Guss.,P,Euphorbia akenocarpa
2938,Euphorbia aleppica L.,P,Euphorbia aleppica
9599,Euphorbia biumbellata Poir.,P,Euphorbia biumbellata
2921,Euphorbia bivonae Steud. subsp. bivonae,P,Euphorbia bivonae
2905,Euphorbia ceratocarpa Ten.,P,Euphorbia ceratocarpa
2979,Euphorbia chamaesyce L.,P,Euphorbia chamaesyce
2971,Euphorbia characias L.,P,Euphorbia characias
2901,Euphorbia corallioides L.,P,Euphorbia corallioides
2931,Euphorbia cuneifolia Guss.,P,Euphorbia cuneifolia
2898,Euphorbia dendroides L.,P,Euphorbia dendroides
2939,Euphorbia exigua L. subsp. exigua,P,Euphorbia exigua
2940,Euphorbia falcata L. subsp. falcata,P,Euphorbia falcata
2911,Euphorbia gasparrinii Boiss.,(P),Euphorbia gasparrinii
2912,Euphorbia gasparrinii Boiss. subsp. gasparrinii,P,Euphorbia gasparrinii
11334,Euphorbia graminea Jacq.,P A NAT,Euphorbia graminea
2933,Euphorbia helioscopia L. subsp. helioscopia,P,Euphorbia helioscopia
2930,Euphorbia hirsuta L.,P,Euphorbia hirsuta
2978,Euphorbia humifusa Willd.,P A NAT,Euphorbia humifusa
2976,Euphorbia hypericifolia L.,P A NAT,Euphorbia hypericifolia
2937,Euphorbia lathyris L.,P A CAS,Euphorbia lathyris
2982,Euphorbia maculata L.,P A NAT,Euphorbia maculata
2969,Euphorbia meuselii Geltman,P,Euphorbia meuselii
2935,Euphorbia myrsinites L. subsp. myrsinites,P,Euphorbia myrsinites
2975,Euphorbia nutans Lag.,P A NAT,Euphorbia nutans
12646,Euphorbia ophthalmica Pers.,P A CAS,Euphorbia ophthalmica
2922,Euphorbia papillaris (Boiss.) Raffaelli & Ricceri,P,Euphorbia papillaris
2960,Euphorbia paralias L.,P,Euphorbia paralias
2977,Euphorbia peplis L.,P,Euphorbia peplis
2942,Euphorbia peplus L.,P,Euphorbia peplus
2957,Euphorbia pithyusa L.,(P),Euphorbia pithyusa
2959,Euphorbia pithyusa L. subsp. cupanii (Guss. ex Bertol.) Radcl.-Sm.,P,Euphorbia pithyusa
2926,Euphorbia platyphyllos L.,P,Euphorbia platyphyllos
2983,Euphorbia prostrata Aiton,P A NAT,Euphorbia prostrata
2932,Euphorbia pterococca Brot.,P,Euphorbia pterococca
2936,Euphorbia rigida M.Bieb.,P,Euphorbia rigida
2944,Euphorbia segetalis L.,P,Euphorbia segetalis
12859,Euphorbia serpens Kunth,(P A NAT),Euphorbia serpens
2985,Euphorbia serpens Kunth subsp. serpens,P A NAT,Euphorbia serpens
2899,Euphorbia serrata L.,P,Euphorbia serrata
2941,Euphorbia sulcata Lens ex Loisel.,P,Euphorbia sulcata
2966,Euphorbia terracina L.,P,Euphorbia terracina
2891,Mercurialis annua L.,P,Mercurialis annua
2893,Mercurialis perennis L.,P,Mercurialis perennis
2897,Ricinus communis L.,P A NAT,Ricinus communis
9529,Acacia cyclops A.Cunn. ex G.Don,P A NAT,Acacia cyclops
2244,Acacia dealbata Link,P A NAT,Acacia dealbata
2246,Acacia melanoxylon R.Br.,P A CAS,Acacia melanoxylon
2248,Acacia saligna (Labill.) H.L.Wendl.,P A NAT,Acacia saligna
9287,Adenocarpus complicatus (L.) J.Gay,(P),Adenocarpus complicatus
2319,Adenocarpus complicatus (L.) J.Gay subsp. bivonae (C.Presl) Peruzzi,P,Adenocarpus complicatus
2321,Adenocarpus complicatus (L.) J.Gay subsp. commutatus (Guss.) Cout.,P,Adenocarpus complicatus
2250,Albizia julibrissin Durazz.,P A CAS,Albizia julibrissin
2252,Anagyris foetida L.,P,Anagyris foetida
2769,"Anthyllis albiflora (Guss.) Iamonico, Domina, Guarino & Del Guacchio",P,Anthyllis albiflora
2753,Anthyllis barba-jovis L.,P,Anthyllis barba-jovis
2758,Anthyllis vulneraria L.,(P),Anthyllis vulneraria
2763,Anthyllis vulneraria L. subsp. maura (Beck) Maire,P,Anthyllis vulneraria
2766,Anthyllis vulneraria L. subsp. rubriflora (DC.) Arcang.,P,Anthyllis vulneraria
2336,Astragalus boeticus L.,P,Astragalus boeticus
2356,Astragalus caprinus L. subsp. huetii (Bunge) Podlech,P,Astragalus caprinus
2352,Astragalus depressus L. subsp. depressus,P,Astragalus depressus
2341,Astragalus echinatus Murray,P,Astragalus echinatus
2342,Astragalus epiglottis L. subsp. epiglottis,P,Astragalus epiglottis
2343,Astragalus hamosus L.,P,Astragalus hamosus
9839,"Astragalus kamarinensis C.Brullo, Brullo, Giusso, Miniss. & Sciandr.",P,Astragalus kamarinensis
2366,Astragalus monspessulanus L.,(P),Astragalus monspessulanus
2367,Astragalus monspessulanus L. subsp. monspessulanus,P,Astragalus monspessulanus
2380,Astragalus nebrodensis (Guss.) Strobl,P,Astragalus nebrodensis
2377,Astragalus pelecinus (L.) Barneby subsp. pelecinus,P,Astragalus pelecinus
2375,Astragalus peregrinus Vahl subsp. warionis (Gand.) Maire,P,Astragalus peregrinus
2376,Astragalus raphaelis G.Ferro,P,Astragalus raphaelis
2340,Astragalus sesameus L.,P,Astragalus sesameus
2381,Astragalus siculus Biv.,P,Astragalus siculus
9634,"Bituminaria basaltica Miniss., C.Brullo, Brullo, Giusso & Sciandr.",P,Bituminaria basaltica
2398,Bituminaria bituminosa (L.) C.H.Stirt.,P,Bituminaria bituminosa
2240,Ceratonia siliqua L.,P A NAT,Ceratonia siliqua
2239,Cercis siliquastrum L. subsp. siliquastrum,P A NAT,Cercis siliquastrum
2334,Colutea arborescens L.,P A,Colutea arborescens
2737,Coronilla repanda (Poir.) Guss. subsp. repanda,P,Coronilla repanda
2736,Coronilla scorpioides (L.) W.D.J.Koch,P,Coronilla scorpioides
2729,Coronilla valentina L.,P,Coronilla valentina
2263,Cytisus aeolicus Guss.,P,Cytisus aeolicus
10461,Cytisus infestus (C.Presl) Guss.,(P),Cytisus infestus
2259,Cytisus infestus (C.Presl) Guss. subsp. infestus,P,Cytisus infestus
10462,Cytisus infestus (C.Presl) Guss. subsp. intermedius (Salzm. ex C.Presl) Cristof. & Troìa,P,Cytisus infestus
2258,Cytisus laniger DC.,P,Cytisus laniger
2269,Cytisus scoparius (L.) Link subsp. scoparius,P,Cytisus scoparius
2264,Cytisus villosus Pourr.,P,Cytisus villosus
11617,Dipogon lignosus (L.) Verdc.,P A CAS,Dipogon lignosus
2743,Emerus major Mill.,(P),Emerus major
2745,Emerus major Mill. subsp. emeroides (Boiss. & Spruner) Soldano & F.Conti,P,Emerus major
2744,Emerus major Mill. subsp. major,P,Emerus major
2433,Ervilia hirsuta (L.) Opiz,P,Ervilia hirsuta
2430,Ervilia monanthos (L.) Opiz,P,Ervilia monanthos
2431,Ervilia sativa Link,P A NAT,Ervilia sativa
2436,Ervum gracile DC.,P,Ervum gracile
2438,Ervum pubescens DC.,P,Ervum pubescens
2437,Ervum tetraspermum L.,P,Ervum tetraspermum
8468,Erythrostemon gilliesii (Wall. ex Hook.) Klotzsch,P A NAT,Erythrostemon gilliesii
2294,Genista aristata C.Presl,P,Genista aristata
2286,Genista aspalathoides Lam.,P,Genista aspalathoides
2297,Genista cupanii Guss.,P,Genista cupanii
2309,"Genista demarcoi Brullo, Scelsi & Siracusa",P,Genista demarcoi
2302,Genista etnensis (Raf.) DC.,P,Genista etnensis
2310,Genista gasparrinii (Guss.) C.Presl,P,Genista gasparrinii
2298,Genista madoniensis Raimondo,P,Genista madoniensis
2313,Genista monspessulana (L.) L.A.S.Johnson,P,Genista monspessulana
2305,Genista tyrrhena Vals.,(P),Genista tyrrhena
9123,Genista tyrrhena Vals. subsp. tyrrhena,P,Genista tyrrhena
2242,Gleditsia triacanthos L.,P A CAS,Gleditsia triacanthos
2395,Glycyrrhiza glabra L.,P,Glycyrrhiza glabra
2742,Hippocrepis biflora Spreng.,P,Hippocrepis biflora
2740,Hippocrepis ciliata Willd.,P,Hippocrepis ciliata
2738,Hippocrepis glauca Ten.,P,Hippocrepis glauca
2741,Hippocrepis multisiliquosa L.,P,Hippocrepis multisiliquosa
2719,Hymenocarpos circinnatus (L.) Savi,P,Hymenocarpos circinnatus
8511,Lablab purpureus (L.) Sweet,P A NAT,Lablab purpureus
2256,Laburnum alpinum (Mill.) Bercht. & J.Presl,P,Laburnum alpinum
2504,Lathyrus amphicarpos L.,P,Lathyrus amphicarpos
2505,Lathyrus annuus L.,P,Lathyrus annuus
2511,Lathyrus aphaca L. subsp. aphaca,P,Lathyrus aphaca
2502,Lathyrus cicera L.,P,Lathyrus cicera
2508,Lathyrus clymenum L.,P,Lathyrus clymenum
2506,Lathyrus gorgonei Parl.,P,Lathyrus gorgonei
2490,Lathyrus grandiflorus Sm.,P,Lathyrus grandiflorus
2507,Lathyrus hirsutus L.,P,Lathyrus hirsutus
2492,Lathyrus latifolius L.,P,Lathyrus latifolius
2510,Lathyrus nissolia L.,P,Lathyrus nissolia
2509,Lathyrus ochrus (L.) DC.,P,Lathyrus ochrus
2496,Lathyrus odoratus L.,P,Lathyrus odoratus
2512,Lathyrus oleraceus Lam.,(P),Lathyrus oleraceus
2514,"Lathyrus oleraceus Lam. subsp. biflorus (Raf.) H.Schaef., Coulot & Rabaute",P,Lathyrus oleraceus
2484,Lathyrus pratensis L.,(P),Lathyrus pratensis
2485,Lathyrus pratensis L. subsp. pratensis,P,Lathyrus pratensis
2503,Lathyrus sativus L.,P A NAT,Lathyrus sativus
2501,Lathyrus setifolius L.,P,Lathyrus setifolius
2498,Lathyrus sphaericus Retz.,P,Lathyrus sphaericus
2491,Lathyrus sylvestris L. subsp. sylvestris,P,Lathyrus sylvestris
2472,Lathyrus venetus (Mill.) Wohlf.,P,Lathyrus venetus
9558,Leucaena leucocephala (Lam.) de Wit subsp. glabrata (Rose) Zárate,P A NAT,Leucaena leucocephala
2707,Lotus angustissimus L.,P,Lotus angustissimus
2725,Lotus biflorus Desr.,P,Lotus biflorus
2709,Lotus conimbricensis Brot.,P,Lotus conimbricensis
2721,Lotus conjugatus L.,(P),Lotus conjugatus
2722,Lotus conjugatus L. subsp. conjugatus,P,Lotus conjugatus
2699,Lotus corniculatus L.,(P),Lotus corniculatus
2700,Lotus corniculatus L. subsp. corniculatus,P,Lotus corniculatus
2703,Lotus corniculatus L. subsp. preslii (Ten.) P.Fourn.,P,Lotus corniculatus
2714,Lotus creticus L.,P,Lotus creticus
2710,Lotus cytisoides L.,P,Lotus cytisoides
2708,Lotus edulis L.,P,Lotus edulis
2716,Lotus halophilus Boiss. & Spruner,P,Lotus halophilus
2693,Lotus hirsutus L.,P,Lotus hirsutus
2706,Lotus hispidus DC.,P,Lotus hispidus
2715,Lotus longisiliquosus R.Roem.,P,Lotus longisiliquosus
2717,Lotus ornithopodioides L.,P,Lotus ornithopodioides
2705,Lotus parviflorus Desf.,P,Lotus parviflorus
2718,Lotus peregrinus L.,P,Lotus peregrinus
2694,Lotus rectus L.,P,Lotus rectus
2698,Lotus tenuis Waldst. & Kit. ex Willd.,P,Lotus tenuis
2724,Lotus tetragonolobus L.,P,Lotus tetragonolobus
9296,Lupinus albus L.,(P A CAS),Lupinus albus
2327,Lupinus albus L. subsp. albus,P A CAS,Lupinus albus
2325,Lupinus angustifolius L.,P,Lupinus angustifolius
2329,Lupinus cosentinii Guss.,P,Lupinus cosentinii
2326,Lupinus gussoneanus J.Agardh,P,Lupinus gussoneanus
2324,Lupinus luteus L.,P,Lupinus luteus
2591,Medicago arabica (L.) Huds.,P,Medicago arabica
2572,Medicago arborea L.,P,Medicago arborea
9864,Medicago ciliaris (L.) All.,P,Medicago ciliaris
2595,Medicago coronata (L.) Bartal.,P,Medicago coronata
2596,Medicago disciformis DC.,P,Medicago disciformis
2586,Medicago doliata Carmign.,P,Medicago doliata
2569,Medicago falcata L. subsp. falcata,P,Medicago falcata
2577,Medicago intertexta (L.) Mill.,P,Medicago intertexta
2585,Medicago littoralis Rohde ex Loisel.,P,Medicago littoralis
2566,Medicago lupulina L.,P,Medicago lupulina
2573,Medicago marina L.,P,Medicago marina
2598,Medicago minima (L.) L.,P,Medicago minima
2565,Medicago monspeliaca (L.) Trautv.,P,Medicago monspeliaca
2589,Medicago murex Willd.,P,Medicago murex
9863,Medicago muricoleptis Tineo,P,Medicago muricoleptis
2576,Medicago orbicularis (L.) Bartal.,P,Medicago orbicularis
2592,Medicago polymorpha L.,P,Medicago polymorpha
2582,Medicago rigidula (L.) All.,P,Medicago rigidula
2580,Medicago rugosa Desr.,P,Medicago rugosa
2568,Medicago sativa L.,P A NAT,Medicago sativa
2578,Medicago scutellata (L.) Mill.,P,Medicago scutellata
2597,Medicago tenoreana Ser.,P,Medicago tenoreana
2583,Medicago tornata (L.) Mill.,P,Medicago tornata
2584,Medicago truncatula Gaertn.,P,Medicago truncatula
2588,Medicago turbinata (L.) All.,P,Medicago turbinata
2793,Onobrychis aequidentata (Sm.) d'Urv.,P,Onobrychis aequidentata
2792,Onobrychis caput-galli (L.) Lam.,P,Onobrychis caput-galli
2791,Onobrychis viciifolia Scop.,P A NAT,Onobrychis viciifolia
2547,Ononis alopecuroides L. subsp. exalopecuroides (G.López) Greuter & Burdet,P,Ononis alopecuroides
2523,Ononis biflora Desf.,P,Ononis biflora
2526,Ononis dentata Lowe,P,Ononis dentata
2544,Ononis diffusa Ten.,P,Ononis diffusa
2533,Ononis hispida Desf. subsp. hispida,P,Ononis hispida
2532,Ononis minutissima L.,P,Ononis minutissima
2546,Ononis mitissima L.,P,Ononis mitissima
2519,Ononis natrix L.,(P),Ononis natrix
9566,Ononis natrix L. subsp. hispanica (L.f.) Cout.,P,Ononis natrix
2521,Ononis natrix L. subsp. ramosissima (Desf.) Batt.,P,Ononis natrix
2542,Ononis oligophylla Ten.,P,Ononis oligophylla
2522,Ononis ornithopodioides L.,P,Ononis ornithopodioides
2527,Ononis pendula Desf. subsp. boissieri (Širj.) Devesa,P,Ononis pendula
2528,Ononis pubescens L.,P,Ononis pubescens
2531,Ononis pusilla L. subsp. pusilla,P,Ononis pusilla
2525,Ononis reclinata L.,P,Ononis reclinata
2545,Ononis serrata Forssk.,P,Ononis serrata
2524,Ononis sicula Guss.,P,Ononis sicula
2530,Ononis sieberi DC.,P,Ononis sieberi
2534,Ononis spinosa L.,(P),Ononis spinosa
2536,Ononis spinosa L. subsp. antiquorum (L.) Arcang.,P,Ononis spinosa
2543,Ononis variegata L.,P,Ononis variegata
2529,Ononis viscosa L. subsp. breviflora (DC.) Nyman,P,Ononis viscosa
2746,Ornithopus compressus L.,P,Ornithopus compressus
2748,Ornithopus pinnatus (Mill.) Druce,P,Ornithopus pinnatus
9447,Parasenegalia visco (Lorentz ex Griseb.) Seigler & Ebinger,P A NAT,Parasenegalia visco
8560,Paraserianthes lophantha (Willd.) I.C.Nielsen subsp. lophantha,P A NAT,Paraserianthes lophantha
2241,Parkinsonia aculeata L.,P A INV,Parkinsonia aculeata
2315,Retama raetam (Forssk.) Webb & Berthel. subsp. gussonei (Webb) Greuter,P,Retama raetam
2331,Robinia pseudoacacia L.,P A NAT,Robinia pseudoacacia
2751,Scorpiurus subvillosus L.,P,Scorpiurus subvillosus
2750,Scorpiurus vermiculatus L.,P,Scorpiurus vermiculatus
2726,Securigera securidaca (L.) Degen & Dörfl.,P,Securigera securidaca
8613,Sesbania punicea (Cav.) Benth.,P A CAS,Sesbania punicea
2317,Spartium junceum L.,P,Spartium junceum
2251,Styphnolobium japonicum (L.) Schott,P A CAS,Styphnolobium japonicum
2778,Sulla capitata (Desf.) B.H.Choi & H.Ohashi,P,Sulla capitata
2777,Sulla coronaria (L.) B.H.Choi & H.Ohashi,P,Sulla coronaria
2779,Sulla spinosissima (L.) B.H.Choi & H.Ohashi,P,Sulla spinosissima
2681,Trifolium alexandrinum L.,P A CAS,Trifolium alexandrinum
2675,Trifolium angustifolium L. subsp. angustifolium,P,Trifolium angustifolium
2643,Trifolium arvense L.,(P),Trifolium arvense
2644,Trifolium arvense L. subsp. arvense,P,Trifolium arvense
2613,Trifolium bivonae Guss.,P,Trifolium bivonae
2647,Trifolium bocconei Savi,P,Trifolium bocconei
2636,Trifolium campestre Schreb.,P,Trifolium campestre
2670,Trifolium cherleri L.,P,Trifolium cherleri
2668,Trifolium congestum Guss.,P,Trifolium congestum
2663,Trifolium diffusum Ehrh.,P,Trifolium diffusum
2682,Trifolium echinatum M.Bieb.,P,Trifolium echinatum
2627,Trifolium fragiferum L. subsp. fragiferum,P,Trifolium fragiferum
2619,Trifolium glomeratum L.,P,Trifolium glomeratum
2632,Trifolium grandiflorum Schreb.,P,Trifolium grandiflorum
2654,Trifolium incarnatum L.,(P),Trifolium incarnatum
2655,Trifolium incarnatum L. subsp. incarnatum,P A NAT,Trifolium incarnatum
2656,Trifolium incarnatum L. subsp. molinerii (Balb. ex Hornem.) Ces.,P,Trifolium incarnatum
2676,Trifolium infamia-ponertii Greuter,P,Trifolium infamia-ponertii
2667,Trifolium lappaceum L.,P,Trifolium lappaceum
2684,Trifolium leucanthum M.Bieb.,P,Trifolium leucanthum
2650,Trifolium ligusticum Balb. ex Loisel.,P,Trifolium ligusticum
2652,Trifolium lucanicum Gasp. ex Guss.,P,Trifolium lucanicum
2618,Trifolium michelianum Savi,P,Trifolium michelianum
2639,Trifolium micranthum Viv.,P,Trifolium micranthum
2625,Trifolium mutabile Port.,P,Trifolium mutabile
2615,Trifolium nigrescens Viv.,(P),Trifolium nigrescens
2616,Trifolium nigrescens Viv. subsp. nigrescens,P,Trifolium nigrescens
2617,Trifolium nigrescens Viv. subsp. petrisavii (Clementi) Holmboe,P,Trifolium nigrescens
2679,Trifolium ochroleucon Huds.,P,Trifolium ochroleucon
2599,Trifolium ornithopodioides L.,P,Trifolium ornithopodioides
2662,Trifolium pallidum Waldst. & Kit.,P,Trifolium pallidum
2649,Trifolium phleoides Willd.,P,Trifolium phleoides
2626,Trifolium physodes M.Bieb.,P,Trifolium physodes
2657,Trifolium pratense L.,(P),Trifolium pratense
2658,Trifolium pratense L. subsp. pratense,P,Trifolium pratense
2660,Trifolium pratense L. subsp. semipurpureum (Strobl) Pignatti,P,Trifolium pratense
2605,Trifolium repens L.,P,Trifolium repens
2628,Trifolium resupinatum L.,P,Trifolium resupinatum
2651,Trifolium scabrum L.,P,Trifolium scabrum
2637,Trifolium sebastiani Savi,P,Trifolium sebastiani
2622,Trifolium spumosum L.,P,Trifolium spumosum
2685,Trifolium squamosum L.,P,Trifolium squamosum
2686,Trifolium squarrosum L.,P,Trifolium squarrosum
2653,Trifolium stellatum L.,P,Trifolium stellatum
12705,Trifolium strangulatum É.Huet & A.Huet ex Lojac.,P,Trifolium strangulatum
2640,Trifolium striatum L.,(P),Trifolium striatum
2641,Trifolium striatum L. subsp. striatum,P,Trifolium striatum
2642,Trifolium striatum L. subsp. tenuiflorum (Ten.) Kožuharov,P,Trifolium striatum
2601,Trifolium strictum L.,P,Trifolium strictum
2688,Trifolium subterraneum L.,(P),Trifolium subterraneum
9590,Trifolium subterraneum L. subsp. oxaloides Nyman,P,Trifolium subterraneum
9589,Trifolium subterraneum L. subsp. subterraneum,P,Trifolium subterraneum
2620,Trifolium suffocatum L.,P,Trifolium suffocatum
2629,Trifolium tomentosum L.,P,Trifolium tomentosum
2621,Trifolium uniflorum L. subsp. savianum (Guss.) Asch. & Graebn.,P,Trifolium uniflorum
2550,Trigonella alba (Medik.) Coulot & Rabaute,P,Trigonella alba
2555,Trigonella elegans (Salzm. ex Ser.) Coulot & Rabaute,P,Trigonella elegans
2561,Trigonella esculenta Willd.,P,Trigonella esculenta
2564,Trigonella foenum-graecum L.,P A NAT,Trigonella foenum-graecum
2563,Trigonella gladiata M.Bieb.,P,Trigonella gladiata
2556,Trigonella infesta (Guss.) Coulot & Rabaute,P,Trigonella infesta
2552,Trigonella italica (L.) Coulot & Rabaute,P,Trigonella italica
2560,Trigonella maritima Delile ex Poir.,P,Trigonella maritima
2558,Trigonella segetalis (Brot.) Coulot & Rabaute,P,Trigonella segetalis
2559,Trigonella sicula (Turra) Coulot & Rabaute,P,Trigonella sicula
2554,Trigonella smallii Coulot & Rabaute,P,Trigonella smallii
2557,Trigonella sulcata (Desf.) Coulot & Rabaute,P,Trigonella sulcata
2553,Trigonella wojciechowskii Coulot & Rabaute,P,Trigonella wojciechowskii
2770,Tripodion tetraphyllum (L.) Fourr.,P,Tripodion tetraphyllum
8640,Vachellia farnesiana (L.) Wight & Arn.,P A CAS,Vachellia farnesiana
2243,Vachellia karroo (Hayne) Banfi & Galasso,P A NAT,Vachellia karroo
2412,Vicia altissima Desf.,P,Vicia altissima
2448,Vicia amphicarpa L.,P,Vicia amphicarpa
2452,Vicia angustifolia L.,P,Vicia angustifolia
2427,Vicia benghalensis L.,P,Vicia benghalensis
2458,Vicia bithynica (L.) L.,P,Vicia bithynica
12707,"Vicia brulloi Sciandr., Giusso, Salmeri & Miniss.",P,Vicia brulloi
2407,Vicia cassubica L.,P,Vicia cassubica
2449,Vicia cordata Wulfen ex Hoppe,P,Vicia cordata
2418,Vicia dasycarpa Ten.,P,Vicia dasycarpa
2435,Vicia disperma DC.,P,Vicia disperma
2467,Vicia ervoides (Brign.) Hampe,P,Vicia ervoides
2462,Vicia faba L.,P A CAS,Vicia faba
2414,Vicia glauca C.Presl subsp. glauca,P,Vicia glauca
2441,Vicia grandiflora Scop.,P,Vicia grandiflora
2457,Vicia hybrida L.,P,Vicia hybrida
2421,Vicia incana Gouan,P,Vicia incana
2450,Vicia incisa M.Bieb.,P,Vicia incisa
2442,Vicia laeta Ces.,P,Vicia laeta
2453,Vicia lathyroides L.,P,Vicia lathyroides
2465,Vicia lentoides (Ten.) Coss. & Germ.,P,Vicia lentoides
2432,Vicia leucantha Biv.,P,Vicia leucantha
2456,Vicia lutea L.,P,Vicia lutea
2451,Vicia macrocarpa (Moris) Bertol.,P,Vicia macrocarpa
2455,Vicia melanops Sm.,P,Vicia melanops
2429,Vicia monantha Retz. subsp. calcarata (Desf.) Romero Zarco,P,Vicia monantha
2460,Vicia narbonensis L.,P,Vicia narbonensis
2408,Vicia ochroleuca Ten. subsp. ochroleuca,P,Vicia ochroleuca
2443,Vicia pannonica Crantz,P A CAS,Vicia pannonica
2454,Vicia peregrina L.,P,Vicia peregrina
2426,Vicia pseudocracca Bertol.,P,Vicia pseudocracca
2447,Vicia sativa L.,P,Vicia sativa
2497,Vicia saxatilis (Vent.) Tropea,P,Vicia saxatilis
10537,Vicia segetalis Thuill.,P,Vicia segetalis
2461,Vicia serratifolia Jacq.,P,Vicia serratifolia
2403,Vicia sicula (Raf.) Guss.,P,Vicia sicula
2422,Vicia tenuifolia Roth,(P),Vicia tenuifolia
2424,Vicia tenuifolia Roth subsp. elegans (Guss.) Nyman,P,Vicia tenuifolia
2423,Vicia tenuifolia Roth subsp. tenuifolia,P,Vicia tenuifolia
2416,Vicia villosa Roth,P,Vicia villosa
2332,Wisteria sinensis (Sims) DC.,P A CAS,Wisteria sinensis
260,Castanea sativa Mill.,P,Castanea sativa
259,Fagus sylvatica L. subsp. sylvatica,P,Fagus sylvatica
267,Quercus cerris L.,P,Quercus cerris
262,Quercus coccifera L.,P,Quercus coccifera
263,Quercus ilex L.,P,Quercus ilex
9506,Quercus petraea (Matt.) Liebl.,(P),Quercus petraea
9507,"Quercus petraea (Matt.) Liebl. subsp. austrotyrrhenica Brullo, Guarino & Siracusa",P,Quercus petraea
274,Quercus pubescens Willd. subsp. pubescens,P,Quercus pubescens
264,Quercus suber L.,P,Quercus suber
3299,Frankenia hirsuta L.,P,Frankenia hirsuta
3298,Frankenia laevis L. subsp. laevis,P,Frankenia laevis
3297,Frankenia pulverulenta L. subsp. pulverulenta,P,Frankenia pulverulenta
3994,Blackstonia acuminata (W.D.J.Koch & Ziz) Domin,P,Blackstonia acuminata
3997,Blackstonia grandiflora (Viv.) Pau,P,Blackstonia grandiflora
3990,Blackstonia perfoliata (L.) Huds.,(P),Blackstonia perfoliata
3992,Blackstonia perfoliata (L.) Huds. subsp. intermedia (Ten.) Zeltner,P,Blackstonia perfoliata
3998,Centaurium erythraea Rafn,(P),Centaurium erythraea
3999,Centaurium erythraea Rafn subsp. erythraea,P,Centaurium erythraea
4002,Centaurium erythraea Rafn subsp. rhodense (Boiss. & Reut.) Melderis,P,Centaurium erythraea
4001,Centaurium grandiflorum (Pers.) Ronniger,(P),Centaurium grandiflorum
10455,Centaurium grandiflorum (Pers.) Ronniger subsp. grandiflorum,P,Centaurium grandiflorum
4003,Centaurium grandiflorum (Pers.) Ronniger subsp. majus (Hoffmanns. & Link) Z.Díaz,P,Centaurium grandiflorum
4010,Centaurium maritimum (L.) Fritsch,P,Centaurium maritimum
4005,Centaurium pulchellum (Sw.) Druce subsp. pulchellum,P,Centaurium pulchellum
4006,Centaurium tenuiflorum (Hoffmanns. & Link) Fritsch,(P),Centaurium tenuiflorum
4008,Centaurium tenuiflorum (Hoffmanns. & Link) Fritsch subsp. acutiflorum (Schott) Zeltner,P,Centaurium tenuiflorum
4007,Centaurium tenuiflorum (Hoffmanns. & Link) Fritsch subsp. tenuiflorum,P,Centaurium tenuiflorum
3988,Cicendia filiformis (L.) Delarbre,P,Cicendia filiformis
4009,Schenkia spicata (L.) G.Mans.,P,Schenkia spicata
2848,Erodium acaule (L.) Bech. & Thell.,P,Erodium acaule
2839,Erodium alnifolium Guss.,P,Erodium alnifolium
2842,Erodium botrys (Cav.) Bertol.,P,Erodium botrys
2836,Erodium chium (L.) Willd.,P,Erodium chium
2844,Erodium ciconium (L.) L'Hér.,P,Erodium ciconium
2846,Erodium cicutarium (L.) L'Hér.,P,Erodium cicutarium
2837,Erodium laciniatum (Cav.) Willd. subsp. laciniatum,P,Erodium laciniatum
2838,Erodium malacoides (L.) L'Hér. subsp. malacoides,P,Erodium malacoides
2840,Erodium maritimum (L.) L'Hér.,P,Erodium maritimum
2847,Erodium moschatum (L.) L'Hér.,P,Erodium moschatum
2852,Erodium neuradifolium Delile ex Godr.,P,Erodium neuradifolium
2818,Geranium asphodeloides Burm.f. subsp. asphodeloides,P,Geranium asphodeloides
2828,Geranium columbinum L.,P,Geranium columbinum
2829,Geranium dissectum L.,P,Geranium dissectum
2822,Geranium lanuginosum Lam.,P,Geranium lanuginosum
2830,Geranium lucidum L.,P,Geranium lucidum
2826,Geranium molle L.,P,Geranium molle
2832,Geranium purpureum Vill.,P,Geranium purpureum
2824,Geranium pyrenaicum Burm.f. subsp. pyrenaicum,P,Geranium pyrenaicum
2831,Geranium robertianum L.,P,Geranium robertianum
2825,Geranium rotundifolium L.,P,Geranium rotundifolium
2810,Geranium sanguineum L.,P,Geranium sanguineum
2817,Geranium tuberosum L. subsp. tuberosum,P,Geranium tuberosum
2813,Geranium versicolor L.,P,Geranium versicolor
10639,Pelargonium ×hortorum L.H.Bailey,P A CAS,Pelargonium ×hortorum
11709,Pelargonium graveolens (Thunb.) L’Hér.,P A CAS,Pelargonium graveolens
9187,Ribes uva-crispa L.,(P),Ribes uva-crispa
9186,Ribes uva-crispa L. subsp. austro-europeum Bornm.,P,Ribes uva-crispa
3394,Myriophyllum alterniflorum DC.,P,Myriophyllum alterniflorum
3393,Myriophyllum spicatum L.,P,Myriophyllum spicatum
3392,Myriophyllum verticillatum L.,P,Myriophyllum verticillatum
4248,Heliotropium amplexicaule Vahl,P A NAT,Heliotropium amplexicaule
4247,Heliotropium curassavicum L.,P A CAS,Heliotropium curassavicum
4245,Heliotropium europaeum L.,P,Heliotropium europaeum
4250,Heliotropium suaveolens M.Bieb.,(P),Heliotropium suaveolens
4252,Heliotropium suaveolens M.Bieb. subsp. bocconei (Guss.) Brummitt,P,Heliotropium suaveolens
4249,Heliotropium supinum L.,P,Heliotropium supinum
6699,Halophila stipulacea (Forssk.) Asch.,P A NAT,Halophila stipulacea
9856,Najas marina L. subsp. armata (H.Lindb.) Horn,P,Najas marina
1234,Hypericum aegypticum L. subsp. webbii (Spach) N.Robson,P,Hypericum aegypticum
1231,Hypericum androsaemum L.,P,Hypericum androsaemum
1248,Hypericum australe Ten.,P,Hypericum australe
1232,Hypericum calycinum L.,P A NAT,Hypericum calycinum
1228,Hypericum hircinum L.,(P),Hypericum hircinum
1230,Hypericum hircinum L. subsp. majus (Aiton) N.Robson,P,Hypericum hircinum
1245,Hypericum perfoliatum L.,P,Hypericum perfoliatum
1252,Hypericum perforatum L.,(P),Hypericum perforatum
9044,Hypericum perforatum L. subsp. veronense (Schrank) Ces.,P,Hypericum perforatum
1243,Hypericum pubescens Boiss.,P,Hypericum pubescens
1250,Hypericum tetrapterum Fr.,P,Hypericum tetrapterum
1253,Hypericum triquetrifolium Turra,P,Hypericum triquetrifolium
7020,Chamaeiris foetidissima (L.) Medik.,P,Chamaeiris foetidissima
7080,Chasmanthe aethiopica (L.) N.E.Br.,P A NAT,Chasmanthe aethiopica
9279,Chasmanthe bicolor (Gasp.) N.E.Br.,P A CAS,Chasmanthe bicolor
10563,Chasmanthe floribunda (Salisb.) N.E.Br.,P A CAS,Chasmanthe floribunda
7054,Crocus biflorus Mill.,P,Crocus biflorus
7056,Crocus longiflorus Raf.,P,Crocus longiflorus
9458,Crocus sativus L.,P A CAS,Crocus sativus
7060,Crocus siculus Tineo ex Guss.,P,Crocus siculus
8477,Ferraria crispa Burm. subsp. crispa,P A NAT,Ferraria crispa
8485,Freesia leichtlinii Klatt subsp. alba (G.L.Mey.) J.C.Manning & Goldblatt,P A CAS,Freesia leichtlinii
7074,Gladiolus byzantinus Mill.,P C,Gladiolus byzantinus
7078,Gladiolus dubius Guss.,P,Gladiolus dubius
7071,Gladiolus illyricus W.D.J.Koch,P,Gladiolus illyricus
7077,Gladiolus italicus Mill.,P C,Gladiolus italicus
7018,Hermodactylus tuberosus (L.) Mill.,P,Hermodactylus tuberosus
7042,Iris florentina L.,P A NAT,Iris florentina
7028,Iris germanica L.,P A NAT,Iris germanica
7025,Iris pseudopumila Tineo,P,Iris pseudopumila
7032,Juno planifolia (Mill.) Asch.,P,Juno planifolia
7021,Limniris pseudacorus (L.) Fuss,P,Limniris pseudacorus
9127,Melasphaerula ramosa (L.) Klatt,P A CAS,Melasphaerula ramosa
7044,Moraea sisyrinchium (L.) Ker Gawl.,P,Moraea sisyrinchium
7061,Romulea bulbocodium (L.) Sebast. & Mauri,P,Romulea bulbocodium
7067,Romulea columnae Sebast. & Mauri,P,Romulea columnae
7065,Romulea linaresii Parl. subsp. linaresii,P,Romulea linaresii
7066,Romulea ramiflora Ten. subsp. ramiflora,P,Romulea ramiflora
7069,Romulea rollii Parl.,P,Romulea rollii
9128,Romulea variicolor Mifsud,P,Romulea variicolor
8504,Siphonostylis unguicularis (Poir.) Wern.Schulze,P A NAT,Siphonostylis unguicularis
22,Isoëtes durieui Bory,P,Isoetes durieui
21,Isoëtes histrix Bory,P,Isoetes histrix
17,Isoëtes longissima Bory,P,Isoetes longissima
11351,Isoëtes sicula Tod.,P,Isoetes sicula
9101,Isoëtes todaroana Troìa & Raimondo,P,Isoetes todaroana
243,Juglans nigra L.,P A CAS,Juglans nigra
242,Juglans regia L.,P A NAT,Juglans regia
7113,Juncus acutiflorus Ehrh. ex Hoffm.,P,Juncus acutiflorus
7082,Juncus acutus L. subsp. acutus,P,Juncus acutus
7118,Juncus articulatus L. subsp. articulatus,P,Juncus articulatus
7102,Juncus bufonius L.,P,Juncus bufonius
7106,Juncus capitatus Weigel,P,Juncus capitatus
7095,Juncus compressus Jacq.,P,Juncus compressus
7089,Juncus conglomeratus L.,P,Juncus conglomeratus
7088,Juncus effusus L. subsp. effusus,P,Juncus effusus
9292,Juncus fontanesii J.Gay,(P),Juncus fontanesii
7115,Juncus fontanesii J.Gay subsp. fontanesii,P,Juncus fontanesii
7096,Juncus gerardi Loisel. subsp. gerardi,P,Juncus gerardi
7109,Juncus heterophyllus Dufour,P,Juncus heterophyllus
7121,Juncus hybridus Brot.,P,Juncus hybridus
7087,Juncus inflexus L. subsp. inflexus,P,Juncus inflexus
7083,Juncus littoralis C.A.Mey.,P,Juncus littoralis
7081,Juncus maritimus Lam.,P,Juncus maritimus
7104,Juncus minutulus (Albert & Jahand.) Prain.,P,Juncus minutulus
7108,Juncus pygmaeus Rich. ex Thuill.,P,Juncus pygmaeus
7114,Juncus striatus Schousb. ex E.Mey.,P,Juncus striatus
7107,Juncus subnodulosus Schrank,P,Juncus subnodulosus
7090,Juncus subulatus Forssk.,P,Juncus subulatus
7098,Juncus tenageia L.f. subsp. tenageia,P,Juncus tenageia
7124,Luzula campestris (L.) DC. subsp. campestris,P,Luzula campestris
7148,Luzula forsteri (Sm.) DC.,P,Luzula forsteri
7126,Luzula multiflora (Ehrh.) Lej. subsp. multiflora,P,Luzula multiflora
7135,Luzula sylvatica (Huds.) Gaudin,(P),Luzula sylvatica
7138,Luzula sylvatica (Huds.) Gaudin subsp. sicula (Parl.) K.Richt.,P,Luzula sylvatica
7137,Luzula sylvatica (Huds.) Gaudin subsp. sieberi (Tausch) K.Richt.,P,Luzula sylvatica
6703,Triglochin barrelieri Loisel.,P,Triglochin barrelieri
6704,Triglochin laxiflora Guss.,P,Triglochin laxiflora
4419,Ajuga chamaepitys (L.) Schreb.,(P),Ajuga chamaepitys
4420,Ajuga chamaepitys (L.) Schreb. subsp. chamaepitys,P,Ajuga chamaepitys
4421,Ajuga chamaepitys (L.) Schreb. subsp. chia (Schreb.) Arcang.,P,Ajuga chamaepitys
9539,Ajuga chamaepitys (L.) Schreb. subsp. suffrutescens (Willk.) Greuter & Brudet,P,Ajuga chamaepitys
4416,Ajuga iva (L.) Schreb.,(P),Ajuga iva
4417,Ajuga iva (L.) Schreb. subsp. iva,P,Ajuga iva
4418,Ajuga iva (L.) Schreb. subsp. pseudoiva (DC.) Briq.,P,Ajuga iva
4411,Ajuga orientalis L.,P,Ajuga orientalis
4414,Ajuga reptans L.,P,Ajuga reptans
4415,Ajuga tenorei C.Presl,P,Ajuga tenorei
4509,Ballota nigra L.,(P),Ballota nigra
4512,Ballota nigra L. subsp. uncinata (Bég.) Patzak,P,Ballota nigra
10525,Clinopodium canescens (J.Presl) Melnikov,P,Clinopodium canescens
4588,Clinopodium grandiflorum (L.) Kuntze,P,Clinopodium grandiflorum
12649,Clinopodium menthifolium (Host) Merino,(P),Clinopodium menthifolium
4593,Clinopodium menthifolium (Host) Merino subsp. menthifolium,P,Clinopodium menthifolium
4591,Clinopodium nepeta (L.) Kuntze,(P),Clinopodium nepeta
4592,Clinopodium nepeta (L.) Kuntze subsp. nepeta,P,Clinopodium nepeta
8294,Clinopodium nepeta (L.) Kuntze subsp. spruneri (Boiss.) Bartolucci & F.Conti,P,Clinopodium nepeta
4604,Clinopodium vulgare L.,(P),Clinopodium vulgare
4606,Clinopodium vulgare L. subsp. arundanum (Boiss.) Nyman,P,Clinopodium vulgare
4553,Glechoma hirsuta Waldst. & Kit.,P,Glechoma hirsuta
4497,Lamium amplexicaule L.,P,Lamium amplexicaule
4493,Lamium bifidum Cirillo,P,Lamium bifidum
4490,Lamium flexuosum Ten.,P,Lamium flexuosum
4496,Lamium purpureum L.,P,Lamium purpureum
4661,Lavandula dentata L.,P A CAS,Lavandula dentata
4663,Lavandula latifolia Medik.,P A NAT,Lavandula latifolia
4664,Lavandula multifida L.,P,Lavandula multifida
4660,Lavandula stoechas L. subsp. stoechas,P,Lavandula stoechas
4637,Lycopus europaeus L.,P,Lycopus europaeus
4458,Marrubium incanum Desr.,P,Marrubium incanum
4461,Marrubium vulgare L.,P,Marrubium vulgare
4561,Melissa officinalis L.,(P),Melissa officinalis
10053,Melissa officinalis L. subsp. altissima (Sm.) Arcang.,P,Melissa officinalis
4467,Melittis melissophyllum L.,(P),Melittis melissophyllum
4469,Melittis melissophyllum L. subsp. albida (Guss.) P.W.Ball,P,Melittis melissophyllum
4650,Mentha aquatica L. subsp. aquatica,P,Mentha aquatica
4656,Mentha microphylla K.Koch,P,Mentha microphylla
4644,Mentha pulegium L. subsp. pulegium,P,Mentha pulegium
4657,Mentha spicata L.,P,Mentha spicata
4652,Mentha suaveolens Ehrh.,(P),Mentha suaveolens
4654,Mentha suaveolens Ehrh. subsp. insularis (Req.) Greuter,P,Mentha suaveolens
4653,Mentha suaveolens Ehrh. subsp. suaveolens,P,Mentha suaveolens
4586,Micromeria consentina (Ten.) N.Terracc.,P,Micromeria consentina
4579,Micromeria graeca (L.) Benth. ex Rchb.,(P),Micromeria graeca
4587,Micromeria graeca (L.) Benth. ex Rchb. subsp. fruticulosa (Bertol.) Guinea,P,Micromeria graeca
4585,Micromeria graeca (L.) Benth. ex Rchb. subsp. garganica (Briq.) Guinea,P,Micromeria graeca
4580,Micromeria graeca (L.) Benth. ex Rchb. subsp. graeca,P,Micromeria graeca
4582,Micromeria graeca (L.) Benth. ex Rchb. subsp. longiflora (C.Presl) Nyman,P,Micromeria graeca
4581,Micromeria graeca (L.) Benth. ex Rchb. subsp. tenuifolia (Ten.) Nyman,P,Micromeria graeca
4578,Micromeria juliana (L.) Benth. ex Rchb.,P,Micromeria juliana
4575,Micromeria microphylla (d'Urv.) Benth.,P,Micromeria microphylla
4577,Micromeria nervosa (Desf.) Benth.,P,Micromeria nervosa
4505,Moluccella spinosa L.,P,Moluccella spinosa
4546,Nepeta apulejii Ucria,P,Nepeta apulejii
4548,Nepeta cataria L.,P,Nepeta cataria
4545,Nepeta tuberosa L. subsp. tuberosa,P,Nepeta tuberosa
4689,Ocimum basilicum L.,P A CAS,Ocimum basilicum
4614,Origanum majorana L.,P A NAT,Origanum majorana
4615,Origanum onites L.,P,Origanum onites
4610,Origanum vulgare L.,(P),Origanum vulgare
4612,Origanum vulgare L. subsp. viridulum (Martrin-Donos) Nyman,P,Origanum vulgare
4611,Origanum vulgare L. subsp. vulgare,P,Origanum vulgare
4474,Phlomis fruticosa L.,P,Phlomis fruticosa
11868,Phlomis herba-venti L.,(P),Phlomis herba-venti
4471,Phlomis herba-venti L. subsp. herba-venti,P,Phlomis herba-venti
4557,Prunella laciniata (L.) L.,P,Prunella laciniata
4559,Prunella vulgaris L. subsp. vulgaris,P,Prunella vulgaris
4508,Pseudodictamnus hispanicus (L.) Salmaki & Siadati,P,Pseudodictamnus hispanicus
4670,Salvia argentea L.,P,Salvia argentea
4687,Salvia clandestina L.,P,Salvia clandestina
4667,"Salvia fruticosa Mill. subsp. thomasii (Lacaita) Brullo, Guglielmo, Pavone & Terrasi",P,Salvia fruticosa
10453,Salvia hispanica L.,P A CAS,Salvia hispanica
4685,Salvia leucantha Cav.,P A NAT,Salvia leucantha
4683,Salvia microphylla Kunth,P A CAS,Salvia microphylla
11572,Salvia officinalis L.,(P A NAT),Salvia officinalis
4666,Salvia officinalis L. subsp. officinalis,P A NAT,Salvia officinalis
4659,Salvia rosmarinus Spenn.,P,Salvia rosmarinus
4669,Salvia sclarea L.,P,Salvia sclarea
4678,Salvia verbenaca L.,P,Salvia verbenaca
4680,Salvia viridis L.,P,Salvia viridis
4448,Scutellaria columnae All.,(P),Scutellaria columnae
4449,Scutellaria columnae All. subsp. columnae,P,Scutellaria columnae
4450,Scutellaria columnae All. subsp. gussonei (Ten.) Arcang.,P,Scutellaria columnae
4452,Scutellaria rubicunda Hornem.,P,Scutellaria rubicunda
4538,Stachys arenaria Vahl subsp. arenaria,P,Stachys arenaria
4543,Stachys arvensis (L.) L.,P,Stachys arvensis
4520,Stachys germanica L.,(P),Stachys germanica
4522,Stachys germanica L. subsp. dasyanthes (Raf.) Arcang.,P,Stachys germanica
4464,Stachys italica Mill.,P,Stachys italica
4457,Stachys major (L.) Bartolucci & Peruzzi,P,Stachys major
4540,Stachys ocymastrum (L.) Briq.,P,Stachys ocymastrum
4466,Stachys romana (L.) E.H.L.Krause,P,Stachys romana
4528,Stachys sylvatica L.,P,Stachys sylvatica
4424,Teucrium campanulatum L.,P,Teucrium campanulatum
4445,Teucrium capitatum L. subsp. capitatum,P,Teucrium capitatum
4435,Teucrium chamaedrys L.,(P),Teucrium chamaedrys
4436,Teucrium chamaedrys L. subsp. chamaedrys,P,Teucrium chamaedrys
4439,Teucrium flavum L.,(P),Teucrium flavum
4440,Teucrium flavum L. subsp. flavum,P,Teucrium flavum
4422,Teucrium fruticans L. subsp. fruticans,P,Teucrium fruticans
4446,Teucrium luteum (Mill.) Degen,P,Teucrium luteum
4443,Teucrium montanum L.,P,Teucrium montanum
4430,Teucrium scordium L.,(P),Teucrium scordium
4432,Teucrium scordium L. subsp. scordioides (Schreb.) Arcang.,P,Teucrium scordium
4426,Teucrium siculum (Raf.) Guss.,(P),Teucrium siculum
4427,Teucrium siculum (Raf.) Guss. subsp. siculum,P,Teucrium siculum
4433,Teucrium spinosum L.,P,Teucrium spinosum
4616,Thymbra capitata (L.) Cav.,P,Thymbra capitata
4622,Thymus longicaulis C.Presl subsp. longicaulis,P,Thymus longicaulis
9251,Thymus paronychioides Čelak.,P,Thymus paronychioides
4623,Thymus praecox Opiz,(P),Thymus praecox
9715,"Thymus praecox Opiz subsp. parvulus (Lojac.) Bartolucci, Peruzzi & N.G.Passal.",P,Thymus praecox
4621,Thymus richardii Pers. subsp. nitidus (Guss.) Jalas,P,Thymus richardii
4619,Thymus spinulosus Ten.,P,Thymus spinulosus
4387,Vitex agnus-castus L.,P,Vitex agnus-castus
4600,Ziziphora acinos (L.) Melnikov,P,Ziziphora acinos
4595,Ziziphora granatensis (Boiss. & Reut.) Melnikov,(P),Ziziphora granatensis
4597,Ziziphora granatensis (Boiss. & Reut.) Melnikov subsp. granatensis,P,Ziziphora granatensis
1258,Laurus nobilis L.,P,Laurus nobilis
5092,Utricularia australis R.Br.,P,Utricularia australis
11696,Fritillaria messanensis Raf.,(P),Fritillaria messanensis
6803,Fritillaria messanensis Raf. subsp. messanensis,P,Fritillaria messanensis
9516,Gagea amblyopetala Boiss. & Heldr.,P,Gagea amblyopetala
6788,Gagea apulica Peruzzi & J.-M.Tison,P,Gagea apulica
6785,Gagea bohemica (Zauschn.) Schult. & Schult.f.,P,Gagea bohemica
6786,Gagea chrysantha Schult. & Schult.f.,P,Gagea chrysantha
6784,Gagea foliosa (C.Presl) Schult. & Schult.f.,P,Gagea foliosa
6780,Gagea fragifera (Vill.) Ehr.Bayer & G.López,P,Gagea fragifera
6782,Gagea granatellii (Parl.) Parl.,P,Gagea granatellii
6787,Gagea lacaitae A.Terracc.,P,Gagea lacaitae
9056,Gagea lojaconoi Peruzzi,P,Gagea lojaconoi
6789,Gagea ramulosa A.Terracc.,P,Gagea ramulosa
9057,Gagea sicula Lojac.,P,Gagea sicula
6790,Gagea trinervia (Viv.) Greuter,P,Gagea trinervia
6792,Tulipa pumila Moench,P,Tulipa pumila
6795,Tulipa raddii Reboul,P A NAT,Tulipa raddii
6791,Tulipa sylvestris L.,P,Tulipa sylvestris
2878,Linum corymbulosum Rchb.,P,Linum corymbulosum
2864,Linum decumbens Desf.,P,Linum decumbens
2863,Linum punctatum C.Presl subsp. punctatum,P,Linum punctatum
2888,Linum radiola L.,P,Linum radiola
2876,Linum strictum L.,P,Linum strictum
2882,Linum tommasinii (Rchb.) Nyman,P,Linum tommasinii
2872,Linum trigynum L.,P,Linum trigynum
11570,Linum usitatissimum L.,(P),Linum usitatissimum
2865,Linum usitatissimum L. subsp. angustifolium (Huds.) Thell.,P,Linum usitatissimum
2866,Linum usitatissimum L. subsp. usitatissimum,P A CAS,Linum usitatissimum
325,Loranthus europaeus Jacq.,P,Loranthus europaeus
8522,Lycopodiella cernua (L.) Pic.Serm.,P A CAS,Lycopodiella cernua
3326,Lythrum hyssopifolia L.,P,Lythrum hyssopifolia
3324,Lythrum junceum Banks & Sol.,P,Lythrum junceum
3322,Lythrum salicaria L.,P,Lythrum salicaria
3328,Lythrum tribracteatum Salzm. ex Spreng.,P,Lythrum tribracteatum
3330,Middendorfia borysthenica (Schrank) Trautv.,P,Middendorfia borysthenica
3331,Peplis portula L.,P,Peplis portula
3345,Punica granatum L.,P A NAT,Punica granatum
3132,Abutilon theophrasti Medik.,P A CAS,Abutilon theophrasti
3130,Alcea rosea L.,P A NAT,Alcea rosea
3127,Althaea cannabina L.,P,Althaea cannabina
3128,Althaea officinalis L.,P,Althaea officinalis
11503,Brachychiton discolor F.Muell.,P A CAS,Brachychiton discolor
11504,Brachychiton diversifolius R.Br. subsp. diversifolius,P A CAS,Brachychiton diversifolius
8417,Brachychiton populneus (Schott & Endl.) R.Br.,P A CAS,Brachychiton populneus
11469,"Ceiba speciosa (A.St.-Hil., A.Juss. & Cambess.) Ravenna",P A CAS,Ceiba speciosa
3137,Hibiscus trionum L.,P A CAS,Hibiscus trionum
10637,Malope malacoides L.,(P),Malope malacoides
3096,Malope malacoides L. subsp. malacoides,P,Malope malacoides
3110,Malva arborea (L.) Webb & Berthel.,P,Malva arborea
3097,Malva cretica Cav.,(P),Malva cretica
3098,Malva cretica Cav. subsp. cretica,P,Malva cretica
3124,Malva flava (Desf.) Alef.,P,Malva flava
3101,Malva moschata L.,P,Malva moschata
3109,"Malva multiflora (Cav.) Soldano, Banfi & Galasso",P,Malva multiflora
3103,Malva nicaeensis All.,P,Malva nicaeensis
3114,Malva olbia (L.) Alef.,P,Malva olbia
3108,Malva oxyloba Boiss.,P,Malva oxyloba
3104,Malva parviflora L.,P,Malva parviflora
3119,Malva punctata (All.) Alef.,P,Malva punctata
3126,Malva setigera K.F.Schimp. & Spenn.,P,Malva setigera
3102,Malva sylvestris L.,P,Malva sylvestris
3123,Malva trimestris (L.) Salisb.,P,Malva trimestris
13034,Sida rhombifolia L. subsp. rhombifolia,P A NAT,Sida rhombifolia
8614,Sida spinosa L.,P A CAS,Sida spinosa
13036,Sphaeralcea bonariensis (Cav.) Griseb.,P A CAS,Sphaeralcea bonariensis
3088,Tilia platyphyllos Scop.,(P),Tilia platyphyllos
3089,Tilia platyphyllos Scop. subsp. platyphyllos,P,Tilia platyphyllos
64,Pilularia minuta Durieu,P,Pilularia minuta
8528,Melia azedarach L.,P A NAT,Melia azedarach
572,Glinus lotoides L.,P A NAT,Glinus lotoides
586,Montia arvensis Wallr.,P,Montia arvensis
584,Montia hallii (A.Gray) Greene,P,Montia hallii
585,Montia variabilis (Walters) Landolt,P,Montia variabilis
289,Broussonetia papyrifera (L.) Vent.,P A NAT,Broussonetia papyrifera
293,Ficus carica L.,P,Ficus carica
8478,Ficus elastica Roxb. ex Hornem.,P A CAS,Ficus elastica
11520,Ficus macrophylla Pers. subsp. columnaris (C.Moore) P.S.Green,P A CAS,Ficus macrophylla
8479,Ficus microcarpa L.f.,P A NAT,Ficus microcarpa
8482,Ficus watkinsiana F.M.Bailey,P A NAT,Ficus watkinsiana
292,Maclura pomifera (Raf.) C.K.Schneid.,P A CAS,Maclura pomifera
9474,Eucalyptus botryoides Sm.,P A CAS,Eucalyptus botryoides
3344,Eucalyptus camaldulensis Dehnh. subsp. camaldulensis,P A NAT,Eucalyptus camaldulensis
11552,Eucalyptus globulus Labill.,(P A CAS),Eucalyptus globulus
8306,Eucalyptus globulus Labill. subsp. globulus,P A NAT,Eucalyptus globulus
9480,Eucalyptus globulus Labill. subsp. maidenii (F.Muell.) J.B.Kirkp.,P A CAS,Eucalyptus globulus
9475,Eucalyptus gomphocephala DC.,P A CAS,Eucalyptus gomphocephala
8470,Eucalyptus occidentalis Endl.,P A NAT,Eucalyptus occidentalis
9477,Eucalyptus rudis Endl. subsp. rudis,P A CAS,Eucalyptus rudis
9481,Eucalyptus viminalis Labill. subsp. viminalis,P A CAS,Eucalyptus viminalis
3341,Myrtus communis L.,P,Myrtus communis
10451,Wigandia kunthii Choisy,P A NAT,Wigandia kunthii
61,Nephrolepis cordifolia (L.) C.Presl,P A CAS,Nephrolepis cordifolia
8415,Boerhavia coccinea Mill.,P A INV,Boerhavia coccinea
555,Mirabilis jalapa L.,P A NAT,Mirabilis jalapa
556,Mirabilis longiflora L.,P A NAT,Mirabilis longiflora
3970,Chrysojasminum fruticans (L.) Banfi,P,Chrysojasminum fruticans
3973,Fontanesia phillyreoides Labill.,P A NAT,Fontanesia phillyreoides
3976,Fraxinus angustifolia Vahl,(P),Fraxinus angustifolia
3978,Fraxinus angustifolia Vahl subsp. oxycarpa (M.Bieb. ex Willd.) Franco & Rocha Afonso,P,Fraxinus angustifolia
9215,Fraxinus excelsior L.,(P),Fraxinus excelsior
9214,Fraxinus excelsior L. subsp. siciliensis Ilardi & Raimondo,P,Fraxinus excelsior
3974,Fraxinus ornus L. subsp. ornus,P,Fraxinus ornus
3969,Jasminum officinale L.,P A CAS,Jasminum officinale
3982,Ligustrum lucidum W.T.Aiton,P A CAS,Ligustrum lucidum
3980,Ligustrum vulgare L.,P,Ligustrum vulgare
3985,Olea europaea L.,P,Olea europaea
3987,Phillyrea latifolia L.,P,Phillyrea latifolia
3979,Syringa vulgaris L.,P A CAS,Syringa vulgaris
3372,Chamaenerion angustifolium (L.) Scop.,P,Chamaenerion angustifolium
3373,Chamaenerion dodonaei (Vill.) Schur ex Fuss,P,Chamaenerion dodonaei
3346,Circaea lutetiana L. subsp. lutetiana,P,Circaea lutetiana
3375,Epilobium hirsutum L.,P,Epilobium hirsutum
3379,Epilobium lanceolatum Sebast. & Mauri,P,Epilobium lanceolatum
3377,Epilobium montanum L.,P,Epilobium montanum
3376,Epilobium parviflorum Schreb.,P,Epilobium parviflorum
3381,Epilobium tetragonum L.,(P),Epilobium tetragonum
3383,Epilobium tetragonum L. subsp. lamyi (F.W.Schultz) Nyman,P,Epilobium tetragonum
3382,Epilobium tetragonum L. subsp. tetragonum,P,Epilobium tetragonum
3384,Epilobium tetragonum L. subsp. tournefortii (Michalet) H.Lév.,P,Epilobium tetragonum
3352,Oenothera glazioviana Micheli,P A NAT,Oenothera glazioviana
11484,Oenothera indecora Cambess.,P A NAT,Oenothera indecora
9237,Oenothera lindheimeri (Engelm. & A.Gray) W.L.Wagner & Hoch,P A CAS,Oenothera lindheimeri
3356,Oenothera rosea L'Hér. ex Aiton,P A CAS,Oenothera rosea
9115,Oenothera speciosa Nutt.,P A CAS,Oenothera speciosa
3355,Oenothera stricta Ledeb. ex Link subsp. stricta,P A NAT,Oenothera stricta
35,Botrychium lunaria (L.) Sw.,P,Botrychium lunaria
41,Ophioglossum lusitanicum L.,P,Ophioglossum lusitanicum
42,Ophioglossum vulgatum L.,P,Ophioglossum vulgatum
8177,"Anacamptis collina (Banks & Sol. ex Russell) R.M.Bateman, Pridgeon & M.W.Chase",P,Anacamptis collina
8169,"Anacamptis coriophora (L.) R.M.Bateman, Pridgeon & M.W.Chase",P,Anacamptis coriophora
8187,"Anacamptis laxiflora (Lam.) R.M.Bateman, Pridgeon & M.W.Chase",P,Anacamptis laxiflora
8168,"Anacamptis longicornu (Poir.) R.M.Bateman, Pridgeon & M.W.Chase",P,Anacamptis longicornu
8167,"Anacamptis morio (L.) R.M.Bateman, Pridgeon & M.W.Chase",P,Anacamptis morio
8166,"Anacamptis papilionacea (L.) R.M.Bateman, Pridgeon & M.W.Chase",P,Anacamptis papilionacea
8163,Anacamptis pyramidalis (L.) Rich.,P,Anacamptis pyramidalis
8160,Barlia robertiana (Loisel.) Greuter,P,Barlia robertiana
8245,Cephalanthera damasonium (Mill.) Druce,P,Cephalanthera damasonium
8246,Cephalanthera longifolia (L.) Fritsch,P,Cephalanthera longifolia
8247,Cephalanthera rubra (L.) Rich.,P,Cephalanthera rubra
8203,Dactylorhiza maculata (L.) Soó,(P),Dactylorhiza maculata
8205,Dactylorhiza maculata (L.) Soó subsp. saccifera (Brongn.) Diklić,P,Dactylorhiza maculata
8192,Dactylorhiza romana (Sebast.) Soó,(P),Dactylorhiza romana
8194,Dactylorhiza romana (Sebast.) Soó subsp. markusii (Tineo) Holub,P,Dactylorhiza romana
8193,Dactylorhiza romana (Sebast.) Soó subsp. romana,P,Dactylorhiza romana
8191,Dactylorhiza sambucina (L.) Soó,P,Dactylorhiza sambucina
9644,"Epipactis cupaniana C.Brullo, D’Emerico & Pulv.",P,Epipactis cupaniana
8231,Epipactis helleborine (L.) Crantz,P,Epipactis helleborine
9843,Epipactis hyblaea Brullo & Zimmitti,P,Epipactis hyblaea
8235,Epipactis meridionalis H.Baumann & R.Lorenz,P,Epipactis meridionalis
12889,Epipactis microphylla (Ehrh.) Sw.,(P),Epipactis microphylla
12890,Epipactis microphylla (Ehrh.) Sw. subsp. cossyrensis Brullo,P,Epipactis microphylla
8240,Epipactis microphylla (Ehrh.) Sw. subsp. microphylla,P,Epipactis microphylla
8237,Epipactis muelleri Godfery,P,Epipactis muelleri
8229,Epipactis palustris (L.) Crantz,P,Epipactis palustris
8241,Epipactis placentina Bongiorni & Grünanger,P,Epipactis placentina
8932,"Epipactis schubertiorum Bartolo, Pulv. & Robatsch",P,Epipactis schubertiorum
8162,Himantoglossum hircinum (L.) Spreng.,P,Himantoglossum hircinum
8248,Limodorum abortivum (L.) Sw.,P,Limodorum abortivum
8249,Limodorum trabutianum Batt.,P,Limodorum trabutianum
8172,"Neotinea lactea (Poir.) R.M.Bateman, Pridgeon & M.W.Chase",P,Neotinea lactea
8164,Neotinea maculata (Desf.) Stearn,P,Neotinea maculata
8171,"Neotinea tridentata (Scop.) R.M.Bateman, Pridgeon & M.W.Chase",P,Neotinea tridentata
8228,Neottia nidus-avis (L.) Rich.,P,Neottia nidus-avis
8226,Neottia ovata (L.) Bluff & Fingerh.,P,Neottia ovata
8145,Ophrys apifera Huds.,P,Ophrys apifera
8134,Ophrys apulica (O.Danesch & E.Danesch) O.Danesch & E.Danesch,P,Ophrys apulica
9169,Ophrys archimedea P.Delforge & M.Walravens,P,Ophrys archimedea
8123,Ophrys bertolonii Moretti,(P),Ophrys bertolonii
9619,Ophrys bertolonii Moretti subsp. bertolonii,P,Ophrys bertolonii
8126,Ophrys bertolonii Moretti subsp. explanata (Lojac.) Soca,P,Ophrys bertolonii
9157,Ophrys biancae (Tod.) Macch.,P,Ophrys biancae
8146,Ophrys bombyliflora Link,P,Ophrys bombyliflora
9139,Ophrys caesiella P.Delforge,P,Ophrys caesiella
8139,Ophrys calliantha Bartolo & Pulv.,P,Ophrys calliantha
9146,Ophrys calocaerina Devillers-Tersch. & Devillers,P,Ophrys calocaerina
8118,Ophrys exaltata Ten.,(P),Ophrys exaltata
8119,Ophrys exaltata Ten. subsp. exaltata,P,Ophrys exaltata
9170,Ophrys flammeola P.Delforge,P,Ophrys flammeola
8105,Ophrys forestieri (Rchb.f.) Lojac.,P,Ophrys forestieri
9147,Ophrys gackiae P.Delforge,P,Ophrys gackiae
8115,Ophrys incubacea Bianca,P,Ophrys incubacea
8106,Ophrys iricolor Desf. subsp. eleonorae (Devillers-Tersch. & Devillers) Paulus & Gack ex Kreutz,P,Ophrys iricolor
8142,Ophrys lacaitae Lojac.,P,Ophrys lacaitae
9171,Ophrys laurensis Geniez & Melki,P,Ophrys laurensis
8127,Ophrys lunulata Parl.,P,Ophrys lunulata
8102,Ophrys lutea Cav.,P,Ophrys lutea
8103,Ophrys mirabilis Geniez & Melki,P,Ophrys mirabilis
9144,Ophrys obaesa Lojac.,P,Ophrys obaesa
9158,Ophrys oxyrrhynchos Tod.,(P),Ophrys oxyrrhynchos
8137,Ophrys oxyrrhynchos Tod. subsp. oxyrrhynchos,P,Ophrys oxyrrhynchos
8107,Ophrys pallida Raf.,P,Ophrys pallida
8116,Ophrys panormitana (Tod.) Soó,P,Ophrys panormitana
9154,Ophrys passionis Sennen ex Devillers-Tersch. & Devillers,(P),Ophrys passionis
8112,Ophrys passionis Sennen ex Devillers-Tersch. & Devillers subsp. passionis,P,Ophrys passionis
8128,Ophrys scolopax Cav.,(P),Ophrys scolopax
8129,Ophrys scolopax Cav. subsp. apiformis (Desf.) Maire & Weiller,P,Ophrys scolopax
9160,Ophrys sicula Tineo,P,Ophrys sicula
8101,Ophrys speculum Link,P,Ophrys speculum
11416,Ophrys sphegodes Mill.,(P),Ophrys sphegodes
9660,"Ophrys sphegodes Mill. subsp. grassoana Cristaudo, Galesi, R.Lorenz & Zelesny",P,Ophrys sphegodes
9748,Ophrys tenthredinifera Willd.,P,Ophrys tenthredinifera
8165,Orchis anthropophora (L.) All.,P,Orchis anthropophora
8190,Orchis brancifortii Biv.,P,Orchis brancifortii
8173,Orchis italica Poir.,P,Orchis italica
8180,Orchis mascula (L.) L.,(P),Orchis mascula
8181,Orchis mascula (L.) L. subsp. mascula,P,Orchis mascula
8188,Orchis pauciflora Ten.,P,Orchis pauciflora
8185,Orchis provincialis Balb. ex Lam. & DC.,P,Orchis provincialis
8222,Platanthera chlorantha (Custer) Rchb.,P,Platanthera chlorantha
8153,Serapias bergonii E.G.Camus,P,Serapias bergonii
8149,Serapias cordigera L.,(P),Serapias cordigera
9931,Serapias cordigera L. subsp. cordigera,P,Serapias cordigera
8158,Serapias cossyrensis B.Baumann & H.Baumann,P,Serapias cossyrensis
9085,"Serapias francavillae Cristaudo, Galesi & R.Lorenz",P,Serapias francavillae
8155,Serapias lingua L.,P,Serapias lingua
8156,Serapias nurrica Corrias,(P),Serapias nurrica
9305,Serapias nurrica Corrias subsp. nurrica,P,Serapias nurrica
8154,Serapias orientalis (Greuter) H.Baumann & Künkele,(P),Serapias orientalis
8940,Serapias orientalis (Greuter) H.Baumann & Künkele subsp. siciliensis Bartolo & Pulv.,P,Serapias orientalis
8159,Serapias parviflora Parl.,P,Serapias parviflora
8152,Serapias vomeracea (Burm.f.) Briq.,P,Serapias vomeracea
8252,Spiranthes spiralis (L.) Chevall.,P,Spiranthes spiralis
4968,Bellardia trixago (L.) All.,P,Bellardia trixago
4969,Bellardia viscosa (L.) Fisch. & C.A.Mey.,P,Bellardia viscosa
5020,Lathraea squamaria L.,P,Lathraea squamaria
9565,Odontites bocconei (Guss.) Walp.,(P),Odontites bocconei
9564,Odontites bocconei (Guss.) Walp. subsp. angustifolius (Lojac.) Giardina & Raimondo,P,Odontites bocconei
4961,Odontites bocconei (Guss.) Walp. subsp. bocconei,P,Odontites bocconei
11740,Odontites luteus (L.) Clairv.,(P),Odontites luteus
4959,Odontites luteus (L.) Clairv. subsp. luteus,P,Odontites luteus
4958,Odontites rigidifolius (Biv.) Benth.,P,Odontites rigidifolius
4963,Odontites vernus (Bellardi) Dumort.,(P),Odontites vernus
4964,Odontites vernus (Bellardi) Dumort. subsp. serotinus Corb.,P,Odontites vernus
4965,Odontites vernus (Bellardi) Dumort. subsp. siculus (Guss.) P.D.Sell,P,Odontites vernus
5035,Orobanche alba Stephan ex Willd.,P,Orobanche alba
5039,Orobanche amethystea Thuill.,P,Orobanche amethystea
5041,Orobanche artemisiae-campestris Gaudin,P,Orobanche artemisiae-campestris
5040,Orobanche canescens C.Presl,P,Orobanche canescens
5045,Orobanche caryophyllacea Sm.,P,Orobanche caryophyllacea
5032,Orobanche cernua Loefl.,P,Orobanche cernua
5051,Orobanche chironii Lojac.,P,Orobanche chironii
5034,Orobanche crenata Forssk.,P,Orobanche crenata
5059,Orobanche gracilis Sm.,P,Orobanche gracilis
5043,Orobanche hederae Vaucher ex Duby,P,Orobanche hederae
5063,Orobanche litorea Guss.,P,Orobanche litorea
5042,Orobanche minor Sm.,P,Orobanche minor
5037,Orobanche pubescens d'Urv.,P,Orobanche pubescens
5056,Orobanche rapum-genistae Thuill.,P,Orobanche rapum-genistae
5061,Orobanche sanguinea C.Presl,P,Orobanche sanguinea
5060,Orobanche variegata Wallr.,P,Orobanche variegata
4970,Parentucellia latifolia (L.) Caruel,P,Parentucellia latifolia
12628,"Phelipanche gussoneana (Lojac.) Domina, Raab-Straube, Rätzel & Uhlich",P,Phelipanche gussoneana
5028,Phelipanche lavandulacea (Rchb.) Pomel subsp. lavandulacea,P,Phelipanche lavandulacea
5026,Phelipanche mutelii (F.W.Schultz) Reut.,P,Phelipanche mutelii
5025,Phelipanche nana (Reut.) Soják,P,Phelipanche nana
5024,Phelipanche ramosa (L.) Pomel,P,Phelipanche ramosa
5029,Phelipanche schultzii (Mutel) Pomel,P,Phelipanche schultzii
5019,Rhynchocorys elephas (L.) Griseb.,P,Rhynchocorys elephas
44,Osmunda regalis L.,P,Osmunda regalis
2798,Oxalis articulata Savigny,P A NAT,Oxalis articulata
2796,Oxalis corniculata L.,P C,Oxalis corniculata
2800,Oxalis debilis Kunth,P A CAS,Oxalis debilis
8359,Oxalis dillenii Jacq.,P A NAT,Oxalis dillenii
2806,Oxalis latifolia Kunth,P A NAT,Oxalis latifolia
2801,Oxalis pes-caprae L.,P A INV,Oxalis pes-caprae
2804,Oxalis purpurata Jacq.,P A NAT,Oxalis purpurata
2802,Oxalis purpurea L.,P A NAT,Oxalis purpurea
9022,Paeonia mascula (L.) Mill.,(P),Paeonia mascula
9023,Paeonia mascula (L.) Mill. subsp. russoi (Biv.) Cullen & Heywood,P,Paeonia mascula
1279,Chelidonium majus L.,P,Chelidonium majus
1289,Corydalis densiflora C.Presl,(P),Corydalis densiflora
12658,Corydalis densiflora C.Presl subsp. densiflora,P,Corydalis densiflora
1285,Corydalis intermedia (L.) Mérat,P,Corydalis intermedia
8469,Eschscholzia californica Cham. subsp. californica,P A CAS,Eschscholzia californica
1292,Fumaria agraria Lag.,P,Fumaria agraria
1299,Fumaria bastardii Boreau,P,Fumaria bastardii
1298,Fumaria bicolor Sommier,P,Fumaria bicolor
1296,Fumaria capreolata L. subsp. capreolata,P,Fumaria capreolata
1303,Fumaria densiflora DC.,P,Fumaria densiflora
1297,Fumaria flabellata Gasp.,P,Fumaria flabellata
1294,Fumaria gaillardotii Boiss.,P,Fumaria gaillardotii
1304,Fumaria officinalis L.,(P),Fumaria officinalis
1305,Fumaria officinalis L. subsp. officinalis,P,Fumaria officinalis
1309,Fumaria parviflora Lam.,P,Fumaria parviflora
1308,Fumaria vaillantii Loisel.,P,Fumaria vaillantii
1278,Glaucium corniculatum (L.) Rudolph subsp. corniculatum,P,Glaucium corniculatum
1277,Glaucium flavum Crantz,P,Glaucium flavum
1281,Hypecoum imberbe Sm.,P,Hypecoum imberbe
1280,Hypecoum procumbens L. subsp. procumbens,P,Hypecoum procumbens
1282,Hypecoum torulosum Å.E.Dahl,P,Hypecoum torulosum
1265,Papaver dubium L.,P C,Papaver dubium
1267,Papaver pinnatifidum Moris,P,Papaver pinnatifidum
1263,Papaver rhoeas L. subsp. rhoeas,P C,Papaver rhoeas
1262,Papaver setigerum DC.,P,Papaver setigerum
1261,Papaver somniferum L.,P A NAT,Papaver somniferum
1269,"Roemeria apula (Ten.) Banfi, Bartolucci, J.-M.Tison & Galasso",P,Roemeria apula
1270,Roemeria hispida (Lam.) Stace,P,Roemeria hispida
3229,Passiflora caerulea L.,P A CAS,Passiflora caerulea
8562,Passiflora incarnata L.,P A CAS,Passiflora incarnata
5068,Paulownia tomentosa (Thunb.) Steud.,P A CAS,Paulownia tomentosa
8612,Sesamum indicum L.,P A CAS,Sesamum indicum
2889,Andrachne telephioides L.,P,Andrachne telephioides
10658,Moeroris tenella (Roxb.) R.W.Bouman,P A NAT,Moeroris tenella
561,Phytolacca americana L.,P A NAT,Phytolacca americana
562,Phytolacca dioica L.,P A NAT,Phytolacca dioica
145,Abies alba Mill.,P A NAT,Abies alba
9537,Abies cephalonica Loudon,P A NAT,Abies cephalonica
146,Abies nebrodensis (Lojac.) Mattei,P,Abies nebrodensis
8429,Cedrus atlantica (Endl.) G.Manetti ex Carrière,P A CAS,Cedrus atlantica
8581,Pinus canariensis C.Sm. ex DC.,P A CAS,Pinus canariensis
9322,Pinus halepensis Mill.,(P),Pinus halepensis
162,Pinus halepensis Mill. subsp. halepensis,P,Pinus halepensis
9024,Pinus nigra J.F.Arnold,(P),Pinus nigra
155,Pinus nigra J.F.Arnold subsp. laricio Palib. ex Maire,P,Pinus nigra
154,Pinus nigra J.F.Arnold subsp. nigra,P A CAS,Pinus nigra
150,Pinus pinaster Aiton subsp. pinaster,P,Pinus pinaster
164,Pinus pinea L.,P A CAS,Pinus pinea
1879,Pittosporum tobira (Thunb.) W.T.Aiton,P A CAS,Pittosporum tobira
4796,Antirrhinum majus L.,P A NAT,Antirrhinum majus
4793,Antirrhinum siculum Mill.,P,Antirrhinum siculum
4797,Antirrhinum tortuosum Bosc ex Lam.,P A NAT,Antirrhinum tortuosum
12761,Callitriche brutia Petagna,(P),Callitriche brutia
4405,Callitriche brutia Petagna subsp. brutia,P,Callitriche brutia
12762,Callitriche brutia Petagna subsp. naftolskyi (Warb. & Eig) Prančl,P,Callitriche brutia
4402,Callitriche cophocarpa Sendtn.,P,Callitriche cophocarpa
4407,Callitriche lenisulca Clavaud,P,Callitriche lenisulca
11726,Callitriche lusitanica Schotsman,P,Callitriche lusitanica
4401,Callitriche obtusangula Le Gall,P,Callitriche obtusangula
4403,Callitriche palustris L.,P,Callitriche palustris
4400,Callitriche stagnalis Scop.,P,Callitriche stagnalis
4397,Callitriche truncata Guss.,(P),Callitriche truncata
4399,Callitriche truncata Guss. subsp. occidentalis (Rouy) Braun-Blanq.,P,Callitriche truncata
4398,Callitriche truncata Guss. subsp. truncata,P,Callitriche truncata
4801,Chaenorhinum rubrifolium (Robill. & Castagne ex DC.) Fourr. subsp. rubrifolium,P,Chaenorhinum rubrifolium
12622,Chaenorhinum rupestre (Guss.) Speta,P,Chaenorhinum rupestre
4834,"Cymbalaria muralis G.Gaertn., B.Mey. & Scherb.",(P),Cymbalaria muralis
4835,"Cymbalaria muralis G.Gaertn., B.Mey. & Scherb. subsp. muralis",P,Cymbalaria muralis
4843,Cymbalaria pubescens (C.Presl) Cufod.,P,Cymbalaria pubescens
5076,Globularia alypum L.,P,Globularia alypum
4844,Kickxia cirrhosa (L.) Fritsch,P,Kickxia cirrhosa
4845,Kickxia commutata (Bernh. ex Rchb.) Fritsch,(P),Kickxia commutata
4846,Kickxia commutata (Bernh. ex Rchb.) Fritsch subsp. commutata,P,Kickxia commutata
4848,Kickxia elatine (L.) Dumort.,(P),Kickxia elatine
4850,Kickxia elatine (L.) Dumort. subsp. crinita (Mabille) Greuter,P,Kickxia elatine
4849,Kickxia elatine (L.) Dumort. subsp. elatine,P,Kickxia elatine
4851,Kickxia spuria (L.) Dumort.,(P),Kickxia spuria
4853,Kickxia spuria (L.) Dumort. subsp. integrifolia (Brot.) R.Fern.,P,Kickxia spuria
4852,Kickxia spuria (L.) Dumort. subsp. spuria,P,Kickxia spuria
4814,Linaria chalepensis (L.) Mill.,P,Linaria chalepensis
4827,Linaria multicaulis (L.) Mill.,(P),Linaria multicaulis
4830,Linaria multicaulis (L.) Mill. subsp. aetnensis Giardina & Zizza,P,Linaria multicaulis
4829,"Linaria multicaulis (L.) Mill. subsp. humilis (Guss.) De Leon., Giardina & Zizza",P,Linaria multicaulis
4828,Linaria multicaulis (L.) Mill. subsp. multicaulis,P,Linaria multicaulis
4818,Linaria pelisseriana (L.) Mill.,P,Linaria pelisseriana
4809,Linaria pseudolaxiflora Lojac.,P,Linaria pseudolaxiflora
4815,Linaria purpurea (L.) Mill.,P,Linaria purpurea
4805,Linaria reflexa (L.) Desf.,(P),Linaria reflexa
4807,Linaria reflexa (L.) Desf. subsp. lubbockii (Batt.) Brullo,P,Linaria reflexa
4806,Linaria reflexa (L.) Desf. subsp. reflexa,P,Linaria reflexa
4824,Linaria simplex (Willd.) Desf.,P,Linaria simplex
4811,Linaria triphylla (L.) Mill.,P,Linaria triphylla
4819,Linaria vulgaris Mill. subsp. vulgaris,P,Linaria vulgaris
4799,Misopates calycinum Rothm.,P,Misopates calycinum
4798,Misopates orontium (L.) Raf.,P,Misopates orontium
5133,Plantago afra L.,(P),Plantago afra
5134,Plantago afra L. subsp. afra,P,Plantago afra
5135,Plantago afra L. subsp. zwierleinii (Nicotra) Brullo,P,Plantago afra
5127,Plantago albicans L.,P,Plantago albicans
9572,Plantago bellardii All.,(P),Plantago bellardii
5128,Plantago bellardii All. subsp. bellardii,P,Plantago bellardii
9571,Plantago bellardii All. subsp. deflexa (Pilg.) Rech.f.,P,Plantago bellardii
5102,Plantago coronopus L.,P,Plantago coronopus
5106,Plantago crassifolia Forssk.,P,Plantago crassifolia
5131,Plantago cupanii Guss.,P,Plantago cupanii
5139,Plantago humilis Jan ex Guss.,P,Plantago humilis
5126,Plantago lagopus L.,P,Plantago lagopus
5121,Plantago lanceolata L.,P,Plantago lanceolata
5104,Plantago macrorhiza Poir.,P,Plantago macrorhiza
5097,Plantago major L.,P,Plantago major
5137,Plantago peloritana Lojac.,P,Plantago peloritana
5105,Plantago serraria L.,P,Plantago serraria
5111,Plantago subulata L.,P,Plantago subulata
5103,Plantago weldenii Rchb.,P,Plantago weldenii
9227,Russelia equisetiformis Schltdl. & Cham.,P A CAS,Russelia equisetiformis
4898,Veronica acinifolia L.,P,Veronica acinifolia
4907,Veronica agrestis L.,P,Veronica agrestis
4896,Veronica anagallis-aquatica L. subsp. anagallis-aquatica,P,Veronica anagallis-aquatica
4895,Veronica anagalloides Guss. subsp. anagalloides,P,Veronica anagalloides
4901,Veronica arvensis L.,P,Veronica arvensis
4894,Veronica beccabunga L. subsp. beccabunga,P,Veronica beccabunga
4915,Veronica cymbalaria Bodard,(P),Veronica cymbalaria
4916,Veronica cymbalaria Bodard subsp. cymbalaria,P,Veronica cymbalaria
4917,Veronica cymbalaria Bodard subsp. panormitana (Tineo ex Guss.) Nyman,P,Veronica cymbalaria
4912,Veronica hederifolia L.,P,Veronica hederifolia
4892,Veronica montana L.,P,Veronica montana
4887,Veronica officinalis L.,P,Veronica officinalis
4906,Veronica peregrina L.,P A NAT,Veronica peregrina
4910,Veronica persica Poir.,P A NAT,Veronica persica
4908,Veronica polita Fr.,P,Veronica polita
4899,Veronica praecox All.,P,Veronica praecox
4875,Veronica serpyllifolia L.,P,Veronica serpyllifolia
4919,Veronica trichadena Jord. & Fourr.,P,Veronica trichadena
4902,Veronica verna L.,P,Veronica verna
1706,Platanus hispanica Mill. ex Münchh.,P A CAS,Platanus hispanica
1705,Platanus orientalis L.,P C,Platanus orientalis
3847,Armeria gussonei Boiss.,P,Armeria gussonei
3842,Armeria nebrodensis (Guss.) Boiss.,P,Armeria nebrodensis
3965,Limoniastrum monopetalum (L.) Boiss.,P,Limoniastrum monopetalum
3924,Limonium aegusae Brullo,P,Limonium aegusae
3904,Limonium albidum (Guss.) Pignatti,P,Limonium albidum
3917,Limonium algusae (Brullo) Greuter,P,Limonium algusae
3887,Limonium bocconei (Lojac.) Litard.,P,Limonium bocconei
3860,Limonium calcarae (Tod. ex Janka) Pignatti,P,Limonium calcarae
3916,Limonium catanzaroi Brullo,P,Limonium catanzaroi
11758,"Limonium cophanense C.Brullo, Brullo, Cambria, Giusso & Ilardi",P,Limonium cophanense
3873,Limonium cosyrense (Guss.) Kuntze,P,Limonium cosyrense
3929,Limonium densiflorum (Guss.) Kuntze,P,Limonium densiflorum
3937,Limonium dubium (Andrews ex Guss.) Litard.,P,Limonium dubium
3889,Limonium flagellare (Lojac.) Brullo,P,Limonium flagellare
3898,Limonium furnarii Brullo,P,Limonium furnarii
12627,Limonium halophilum Pignatti,P,Limonium halophilum
3907,Limonium hyblaeum Brullo,P,Limonium hyblaeum
3897,Limonium ionicum Brullo,P,Limonium ionicum
9219,Limonium jankae (Lojac.) Giardina & Raimondo,P,Limonium jankae
3928,Limonium lilybaeum Brullo,P,Limonium lilybaeum
3899,Limonium lojaconoi Brullo,P,Limonium lojaconoi
3906,Limonium lopadusanum Brullo,P,Limonium lopadusanum
3909,Limonium mazarae Pignatti,P,Limonium mazarae
3960,"Limonium melancholicum Brullo, Marcenò & S.Romano",P,Limonium melancholicum
3895,Limonium minutiflorum (Guss.) Kuntze,P,Limonium minutiflorum
3855,Limonium narbonense Mill.,P,Limonium narbonense
3950,Limonium optimae Raimondo,P,Limonium optimae
3919,Limonium opulentum (Lojac.) Brullo,P,Limonium opulentum
3926,Limonium pachynense Brullo,P,Limonium pachynense
3905,Limonium panormitanum (Tod.) Pignatti,P,Limonium panormitanum
3865,Limonium parvifolium (Tineo) Pignatti,P,Limonium parvifolium
3933,Limonium pavonianum Brullo,P,Limonium pavonianum
9919,"Limonium poimenum Ilardi, Brullo, D.Cusimano & Giusso",P,Limonium poimenum
3890,Limonium ponzoi (Fiori) Brullo,P,Limonium ponzoi
3925,Limonium secundirameum (Lojac.) Brullo,P,Limonium secundirameum
3927,Limonium selinuntinum Brullo,P,Limonium selinuntinum
3935,Limonium sibthorpianum (Guss.) Kuntze,P,Limonium sibthorpianum
3851,Limonium sinuatum (L.) Mill.,P,Limonium sinuatum
3888,Limonium syracusanum Brullo,P,Limonium syracusanum
3900,Limonium tauromenitanum Brullo,P,Limonium tauromenitanum
3891,Limonium tenuiculum (Tineo ex Guss.) Pignatti,P,Limonium tenuiculum
9220,Limonium tineoi (Lojac.) Giardina & Raimondo,P,Limonium tineoi
3942,Limonium todaroanum Raimondo & Pignatti,P,Limonium todaroanum
9218,Limonium usticanum Giardina & Raimondo,P,Limonium usticanum
3913,Limonium virgatum (Willd.) Fourr.,P,Limonium virgatum
3854,"Myriolimon ferulaceum (L.) Lledó, Erben & M.B.Crespo",P,Myriolimon ferulaceum
8362,Plumbago auriculata Lam.,P A CAS,Plumbago auriculata
3829,Plumbago europaea L.,P,Plumbago europaea
11834,×Haynaldoticum sardoum Meletti & Onnis nothosubsp. sardoum,P A CAS,×Haynaldoticum sardoum
7730,Achnatherum bromoides (L.) P.Beauv.,P,Achnatherum bromoides
7165,Aeluropus lagopoides (L.) Trin. ex Thwaites,P,Aeluropus lagopoides
7164,Aeluropus littoralis (Gouan) Parl. subsp. littoralis,P,Aeluropus littoralis
7588,Agrostis castellana Boiss. & Reut.,P,Agrostis castellana
7584,Agrostis pourretii Willd.,P,Agrostis pourretii
9217,Agrostis stolonifera L.,(P),Agrostis stolonifera
9216,Agrostis stolonifera L. subsp. scabriglumis (Boiss. & Reut.) Maire,P,Agrostis stolonifera
7587,Agrostis stolonifera L. subsp. stolonifera,P,Agrostis stolonifera
7619,Aira caryophyllea L.,P,Aira caryophyllea
7621,Aira cupaniana Guss.,P,Aira cupaniana
7622,Aira elegans Willd. subsp. elegans,P,Aira elegans
7625,Aira intermedia Guss.,P,Aira intermedia
7623,Aira tenorei Guss.,P,Aira tenorei
7626,Airopsis tenella (Cav.) Coss. & Durieu,P,Airopsis tenella
7673,Alopecurus aequalis Sobol.,P,Alopecurus aequalis
7674,Alopecurus bulbosus Gouan subsp. bulbosus,P,Alopecurus bulbosus
7675,Alopecurus myosuroides Huds. subsp. myosuroides,P,Alopecurus myosuroides
7670,Alopecurus pratensis L. subsp. pratensis,P,Alopecurus pratensis
7676,Alopecurus rendlei Eig,P,Alopecurus rendlei
7325,Ampelodesmos mauritanicus (Poir.) T.Durand & Schinz,P,Ampelodesmos mauritanicus
7827,Andropogon distachyos L.,P,Andropogon distachyos
7394,Anisantha diandra (Roth) Tutin ex Tzvelev,P,Anisantha diandra
7399,Anisantha fasciculata (C.Presl) Nevski subsp. fasciculata,P,Anisantha fasciculata
7398,Anisantha madritensis (L.) Nevski subsp. madritensis,P,Anisantha madritensis
7395,Anisantha rigida (Roth) Hyl.,P,Anisantha rigida
7400,Anisantha rubens (L.) Nevski,P,Anisantha rubens
7396,Anisantha sterilis (L.) Nevski,P,Anisantha sterilis
7397,Anisantha tectorum (L.) Nevski,P,Anisantha tectorum
7669,Anthoxanthum gracile Biv.,P,Anthoxanthum gracile
7663,Anthoxanthum odoratum L.,P,Anthoxanthum odoratum
7668,Anthoxanthum ovatum Lag.,P,Anthoxanthum ovatum
7615,Antinoria insularis Parl.,P,Antinoria insularis
7695,Aristida adscensionis L.,P,Aristida adscensionis
7531,Arrhenatherum elatius (L.) P.Beauv. ex J.Presl & C.Presl,(P),Arrhenatherum elatius
7533,Arrhenatherum elatius (L.) P.Beauv. ex J.Presl & C.Presl subsp. bulbosum (Willd.) Schübl. & G.Martens,P,Arrhenatherum elatius
7532,Arrhenatherum elatius (L.) P.Beauv. ex J.Presl & C.Presl subsp. elatius,P,Arrhenatherum elatius
8768,"Arrhenatherum elatius (L.) P.Beauv. ex J.Presl & C.Presl subsp. nebrodense (Brullo, Miniss. & Spamp.) Giardina & Raimondo",P,Arrhenatherum elatius
7535,Arrhenatherum elatius (L.) P.Beauv. ex J.Presl & C.Presl subsp. sardoum (Em.Schmid) Gamisans,P,Arrhenatherum elatius
7646,Arundo donax L.,P A INV,Arundo donax
7647,Arundo plinii Turra,P,Arundo plinii
7558,Avellinia festucoides (Link) Valdés & H.Scholz,P,Avellinia festucoides
7514,Avena atherantha C.Presl,P A,Avena atherantha
12881,Avena barbata Pott ex Link,P,Avena barbata
7515,Avena castellana (Romero Zarco) Romero Zarco & L.Sáez,P,Avena castellana
8764,Avena fatua L.,(P A NAT),Avena fatua
7505,Avena fatua L. subsp. fatua,P A,Avena fatua
8765,Avena fatua L. subsp. meridionalis Malzev,P A NAT,Avena fatua
12993,Avena hirtula Lag.,P,Avena hirtula
9009,Avena insularis Ladiz.,P,Avena insularis
7513,Avena ludoviciana Durieu,P A NAT,Avena ludoviciana
7516,Avena lusitanica (Tab.Morais) B.R.Baum,P,Avena lusitanica
7506,Avena sativa L.,(P A CAS),Avena sativa
7508,Avena sativa L. subsp. macrantha (Hack.) Rocha Afonso,P A CAS,Avena sativa
7507,Avena sativa L. subsp. sativa,P A CAS,Avena sativa
7511,Avena sterilis L.,(P A NAT),Avena sterilis
7512,Avena sterilis L. subsp. sterilis,P A NAT,Avena sterilis
7504,Avena strigosa Schreb.,P A CAS,Avena strigosa
8763,Avena wiestii Steud.,P,Avena wiestii
7634,Avenella flexuosa (L.) Drejer subsp. flexuosa,P,Avenella flexuosa
7204,Bellardiochloa variegata (Lam.) Kerguélen,(P),Bellardiochloa variegata
7207,Bellardiochloa variegata (Lam.) Kerguélen subsp. aetnensis (C.Presl) Giardina & Raimondo,P,Bellardiochloa variegata
7206,"Bellardiochloa variegata (Lam.) Kerguélen subsp. nebrodensis (Asch. & Graebn.) C.Brullo, Brullo, Giusso & Sciandr.",P,Bellardiochloa variegata
7824,Bothriochloa insculpta (Hochst. ex A.Rich.) A.Camus subsp. panormitana (Parl.) Giardina & Raimondo,P,Bothriochloa insculpta
7449,Brachypodium distachyon (L.) P.Beauv.,P,Brachypodium distachyon
11756,"Brachypodium hybridum Catalán, Joch.Müll., Hasterok & Jenkins",P,Brachypodium hybridum
7445,Brachypodium phoenicoides (L.) Roem. & Schult.,P,Brachypodium phoenicoides
7444,Brachypodium retusum (Pers.) P.Beauv.,P,Brachypodium retusum
7446,Brachypodium rupestre (Host) Roem. & Schult.,P,Brachypodium rupestre
11757,"Brachypodium stacei Catalán, Joch.Müll., Hasterok & Jenkins",P,Brachypodium stacei
7441,Brachypodium sylvaticum (Huds.) P.Beauv. subsp. sylvaticum,P,Brachypodium sylvaticum
7163,Briza minor L.,P,Briza minor
7403,Bromopsis benekenii (Lange) Holub,P,Bromopsis benekenii
7405,Bromopsis erecta (Huds.) Fourr.,P,Bromopsis erecta
7402,Bromopsis ramosa (Huds.) Holub subsp. ramosa,P,Bromopsis ramosa
7424,Bromus alopecuros Poir. subsp. alopecuros,P,Bromus alopecuros
8281,Bromus commutatus Schrad.,(P),Bromus commutatus
7434,Bromus commutatus Schrad. subsp. commutatus,P,Bromus commutatus
7435,Bromus commutatus Schrad. subsp. neglectus (Parl.) P.M.Sm.,P,Bromus commutatus
7416,Bromus hordeaceus L.,(P),Bromus hordeaceus
7418,Bromus hordeaceus L. subsp. divaricatus (Bonnier & Layens) Kerguélen,P,Bromus hordeaceus
7417,Bromus hordeaceus L. subsp. hordeaceus,P,Bromus hordeaceus
7427,Bromus intermedius Guss.,P,Bromus intermedius
7425,Bromus lanceolatus Roth,P,Bromus lanceolatus
7415,Bromus racemosus L. subsp. racemosus,P,Bromus racemosus
7423,Bromus scoparius L.,P,Bromus scoparius
7642,"Calamagrostis arenaria (L.) Roth subsp. arundinacea (Husn.) Banfi, Galasso & Bartolucci",P,Calamagrostis arenaria
7594,Calamagrostis arundinacea (L.) Roth,P,Calamagrostis arundinacea
7590,Calamagrostis epigejos (L.) Roth subsp. epigejos,P,Calamagrostis epigejos
7324,Castellia tuberculosa (Moris) Bor,P,Castellia tuberculosa
7377,Catabrosa aquatica (L.) P.Beauv.,P,Catabrosa aquatica
7317,Catapodium balearicum (Willk.) H.Scholz,P,Catapodium balearicum
7322,Catapodium hemipoa (Delile ex Spreng.) M.Laínz,P,Catapodium hemipoa
7323,"Catapodium pauciflorum (Merino) Brullo, Giusso, Miniss. & Spamp.",P,Catapodium pauciflorum
7319,Catapodium rigidum (L.) C.E.Hubb.,(P),Catapodium rigidum
9519,Catapodium rigidum (L.) C.E.Hubb. subsp. majus (C.Presl) F.H.Perring & P.D.Sell,P,Catapodium rigidum
7320,Catapodium rigidum (L.) C.E.Hubb. subsp. rigidum,P,Catapodium rigidum
7318,Catapodium zwierleinii (Lojac.) Brullo,P,Catapodium zwierleinii
7811,Cenchrus ciliaris L.,P,Cenchrus ciliaris
7810,Cenchrus longisetus M.C.Johnst.,P A CAS,Cenchrus longisetus
7813,Cenchrus longispinus (Hack.) Fernald,P A CAS,Cenchrus longispinus
7809,Cenchrus setaceus (Forssk.) Morrone,P A INV,Cenchrus setaceus
7840,Ceratochloa cathartica (Vahl) Herter,P A NAT,Ceratochloa cathartica
9489,Chloris gayana Kunth,P A CAS,Chloris gayana
7648,Cleistogenes serotina (L.) Keng subsp. serotina,P,Cleistogenes serotina
7326,Cortaderia selloana (Schult. & Schult.f.) Asch. & Graebn.,P A CAS,Cortaderia selloana
7637,Corynephorus articulatus (Desf.) P.Beauv.,P,Corynephorus articulatus
7638,Corynephorus divaricatus (Pourr.) Breistr.,P,Corynephorus divaricatus
7380,Cutandia divaricata (Desf.) Barbey,P,Cutandia divaricata
7379,Cutandia maritima (L.) Benth. ex Barbey,P,Cutandia maritima
7771,Cynodon dactylon (L.) Pers.,P,Cynodon dactylon
7158,Cynosurus cristatus L.,P,Cynosurus cristatus
7159,Cynosurus echinatus L.,P,Cynosurus echinatus
7160,Cynosurus effusus Link,P,Cynosurus effusus
7166,Dactylis glomerata L.,(P),Dactylis glomerata
7167,Dactylis glomerata L. subsp. glomerata,P,Dactylis glomerata
7168,Dactylis glomerata L. subsp. hackelii (Asch. & Graebn.) Cif. & Giacom.,P,Dactylis glomerata
7169,Dactylis glomerata L. subsp. hispanica (Roth) Nyman,P,Dactylis glomerata
7349,Dactyloctenium aegyptium (L.) Willd.,P A NAT,Dactyloctenium aegyptium
7484,Dasypyrum villosum (L.) P.Candargy,P,Dasypyrum villosum
7627,Deschampsia cespitosa (L.) P.Beauv.,P,Deschampsia cespitosa
7316,Desmazeria pignattii Brullo & Pavone,P,Desmazeria pignattii
7315,Desmazeria sicula (Jacq.) Dumort.,P,Desmazeria sicula
7828,Dichanthium annulatum (Forssk.) Stapf,P A NAT,Dichanthium annulatum
7794,Digitaria ciliaris (Retz.) Koeler,P A CAS,Digitaria ciliaris
7791,Digitaria sanguinalis (L.) Scop.,P C,Digitaria sanguinalis
11875,Diplachne fusca (L.) P.Beauv. ex Roem. & Schult.,(P A NAT),Diplachne fusca
8457,Diplachne fusca (L.) P.Beauv. ex Roem. & Schult. subsp. fusca,P A NAT,Diplachne fusca
7224,Drymochloa drymeja (Mert. & W.D.J.Koch) Holub subsp. exaltata (C.Presl) Foggi & Signorini,P,Drymochloa drymeja
7348,Echinaria capitata (L.) Desf.,P,Echinaria capitata
12918,Echinochloa colona (L.) Link,(P A NAT),Echinochloa colona
7783,Echinochloa colona (L.) Link subsp. colona,P A NAT,Echinochloa colona
7784,Echinochloa crus-galli (L.) P.Beauv.,(P),Echinochloa crus-galli
9014,Echinochloa crus-galli (L.) P.Beauv. subsp. crus-galli,P,Echinochloa crus-galli
7775,Ehrharta erecta Lam.,P A CAS,Ehrharta erecta
7759,Eleusine indica (L.) Gaertn.,P A NAT,Eleusine indica
9016,Elymus caninus (L.) L.,P,Elymus caninus
7469,Elymus panormitanus (Parl.) Tzvelev,P,Elymus panormitanus
7474,Elymus repens (L.) Gould subsp. repens,P,Elymus repens
7751,Eragrostis barrelieri Daveau subsp. barrelieri,P,Eragrostis barrelieri
7749,Eragrostis cilianensis (All.) Vignolo ex Janch. subsp. cilianensis,P,Eragrostis cilianensis
7753,"Eragrostis frankii (Fisch., C.A.Mey. & Avé-Lall.) Steud.",P A CAS,Eragrostis frankii
7750,Eragrostis minor Host subsp. minor,P,Eragrostis minor
7747,Eragrostis pectinacea (Michx.) Nees,P A NAT,Eragrostis pectinacea
11870,Eragrostis pilosa (L.) P.Beauv.,(P),Eragrostis pilosa
7746,Eragrostis pilosa (L.) P.Beauv. subsp. pilosa,P,Eragrostis pilosa
7212,Festuca bromoides L.,P,Festuca bromoides
7280,Festuca circummediterranea Patzke,P,Festuca circummediterranea
7215,Festuca danthonii Asch. & Graebn. subsp. danthonii,P,Festuca danthonii
7211,Festuca fasciculata Forssk.,P,Festuca fasciculata
7209,Festuca geniculata (L.) Lag. & Rodr. subsp. geniculata,P,Festuca geniculata
7253,Festuca heterophylla Lam.,P,Festuca heterophylla
8936,Festuca humifusa Brullo & Guarino,P,Festuca humifusa
7376,Festuca incurva (Gouan) Gutermann,P,Festuca incurva
7314,Festuca lachenalii (C.C.Gmel.) Spenn.,P,Festuca lachenalii
7216,Festuca ligustica (All.) Bertol.,P,Festuca ligustica
8757,Festuca morisiana Parl.,(P),Festuca morisiana
8749,"Festuca morisiana Parl. subsp. sicula Cristaudo, Foggi, Galesi & Maugeri",P,Festuca morisiana
7213,Festuca muralis Kunth,P,Festuca muralis
7214,Festuca myuros L. subsp. myuros,P,Festuca myuros
7312,Festuca pignattiorum Markgr.-Dann.,P,Festuca pignattiorum
7261,Festuca rubra L.,(P),Festuca rubra
7265,Festuca rubra L. subsp. microphylla St.-Yves,P,Festuca rubra
7208,Festuca sicula C.Presl,P,Festuca sicula
7266,Festuca trichophylla (Ducros ex Gaudin) K.Richt.,(P),Festuca trichophylla
7268,Festuca trichophylla (Ducros ex Gaudin) K.Richt. subsp. asperifolia (St.-Yves) Al-Bermani,P,Festuca trichophylla
7601,Gastridium nitens (Guss.) Coss. & Durieu,P,Gastridium nitens
7605,Gastridium phleoides (Nees & Meyen) C.E.Hubb. subsp. phleoides,P,Gastridium phleoides
9905,Gastridium scabrum C.Presl,P,Gastridium scabrum
7603,Gastridium ventricosum (Gouan) Schinz & Thell.,P,Gastridium ventricosum
7538,Gaudinia fragilis (L.) P.Beauv.,P,Gaudinia fragilis
7367,Glyceria fluitans (L.) R.Br.,P,Glyceria fluitans
7365,Glyceria maxima (Hartm.) Holmb. subsp. maxima,P,Glyceria maxima
7369,Glyceria notata Chevall.,P,Glyceria notata
12682,Glyceria spicata Guss.,(P),Glyceria spicata
7368,Glyceria spicata Guss. subsp. spicata,P,Glyceria spicata
7521,Helictochloa cincinnata (Ten.) Romero Zarco,P,Helictochloa cincinnata
7530,Helictotrichon convolutum (C.Presl) Henrard,P,Helictotrichon convolutum
7818,Hemarthria altissima (Poir.) Stapf & C.E.Hubb.,P,Hemarthria altissima
12725,Heteropogon allionii (DC.) Roem. & Schult.,P,Heteropogon allionii
7540,Holcus lanatus L. subsp. lanatus,P,Holcus lanatus
7450,Hordelymus europaeus (L.) Harz,P,Hordelymus europaeus
7461,Hordeum bulbosum L.,P,Hordeum bulbosum
7460,Hordeum geniculatum All.,P,Hordeum geniculatum
7459,Hordeum marinum Huds.,P,Hordeum marinum
7454,Hordeum murinum L.,(P),Hordeum murinum
7457,Hordeum murinum L. subsp. glaucum (Steud.) Tzvelev,P,Hordeum murinum
7456,Hordeum murinum L. subsp. leporinum (Link) Arcang.,P,Hordeum murinum
7462,Hordeum secalinum Schreb.,P,Hordeum secalinum
7825,Hyparrhenia hirta (L.) Stapf subsp. hirta,P,Hyparrhenia hirta
7826,Hyparrhenia sinaica (Delile) Llauradó ex G.López,P,Hyparrhenia sinaica
7815,Imperata cylindrica (L.) Raeusch.,P,Imperata cylindrica
7550,Koeleria splendens C.Presl,P,Koeleria splendens
7611,Lagurus ovatus L.,(P),Lagurus ovatus
7613,Lagurus ovatus L. subsp. nanus (Guss.) Messeri,P,Lagurus ovatus
7612,Lagurus ovatus L. subsp. ovatus,P,Lagurus ovatus
7614,Lagurus ovatus L. subsp. vestitus (Messeri) Brullo,P,Lagurus ovatus
7157,Lamarckia aurea (L.) Moench,P,Lamarckia aurea
7218,Locajonoa coerulescens (Desf.) Soreng,P,Locajonoa coerulescens
12330,Lolium arundinaceum (Schreb.) Darbysh.,(P),Lolium arundinaceum
7230,Lolium arundinaceum (Schreb.) Darbysh. subsp. arundinaceum,P,Lolium arundinaceum
10134,"Lolium interruptum (Desf.) Banfi, Galasso, Foggi, Kopecký & Ardenghi",P,Lolium interruptum
7382,Lolium multiflorum Lam.,P,Lolium multiflorum
7381,Lolium perenne L.,P,Lolium perenne
8753,"Lolium pluriflorum (Schult.) Banfi, Galasso, Foggi, Kopecký & Ardenghi",P,Lolium pluriflorum
7227,Lolium pratense (Huds.) Darbysh.,P,Lolium pratense
7385,Lolium rigidum Gaudin,(P),Lolium rigidum
7387,Lolium rigidum Gaudin subsp. lepturoides (Boiss.) Sennen & Mauricio,P,Lolium rigidum
7386,Lolium rigidum Gaudin subsp. rigidum,P,Lolium rigidum
9873,Lolium siculum Parl.,P,Lolium siculum
7388,Lolium temulentum L.,P A NAT,Lolium temulentum
7745,Lygeum spartum L.,P,Lygeum spartum
7162,Macrobriza maxima (L.) Tzvelev,P,Macrobriza maxima
8360,Megathyrsus maximus (Jacq.) B.K.Simon & S.W.L.Jacobs,P A NAT,Megathyrsus maximus
7356,Melica ciliata L.,(P),Melica ciliata
7357,Melica ciliata L. subsp. ciliata,P,Melica ciliata
7358,Melica ciliata L. subsp. magnolii (Godr. & Gren.) K.Richt.,P,Melica ciliata
7360,Melica cupanii Guss. subsp. cupanii,P,Melica cupanii
8709,Melica minuta L.,(P),Melica minuta
8706,Melica minuta L. subsp. latifolia (Coss.) W.Hempel,P,Melica minuta
7355,Melica minuta L. subsp. minuta,P,Melica minuta
7354,Melica uniflora Retz.,P,Melica uniflora
11688,Milium effusum L.,(P),Milium effusum
7738,Milium effusum L. subsp. effusum,P,Milium effusum
7739,Milium vernale M.Bieb.,(P),Milium vernale
7741,Milium vernale M.Bieb. subsp. montianum (Parl.) K.Richt.,P,Milium vernale
9907,Milium vernale M.Bieb. subsp. scabrum (Rich.) K.Richt.,P,Milium vernale
7616,Molineriella minuta (L.) Rouy,P,Molineriella minuta
7789,Moorochloa eruciformis (Sm.) Veldkamp,P,Moorochloa eruciformis
7742,Nardus stricta L.,P,Nardus stricta
7733,Oloptum miliaceum (L.) Röser & H.R.Hamasha,P,Oloptum miliaceum
7734,Oloptum thomasii (Duby) Banfi & Galasso,P,Oloptum thomasii
7776,Panicum miliaceum L.,(P A CAS),Panicum miliaceum
9012,Panicum miliaceum L. subsp. miliaceum,P A CAS,Panicum miliaceum
7780,Panicum repens L.,P,Panicum repens
7502,Parapholis cylindrica (Willd.) Romero Zarco,P,Parapholis cylindrica
7499,Parapholis filiformis (Roth) C.E.Hubb.,P,Parapholis filiformis
7497,Parapholis incurva (L.) C.E.Hubb.,P,Parapholis incurva
7500,Parapholis marginata Runemark,P,Parapholis marginata
7501,Parapholis pycnantha (Hack.) C.E.Hubb.,P,Parapholis pycnantha
7498,Parapholis strigosa (Dumort.) C.E.Hubb.,P,Parapholis strigosa
7796,Paspalum dilatatum Poir.,P A NAT,Paspalum dilatatum
7797,Paspalum distichum L.,P A NAT,Paspalum distichum
7799,Paspalum vaginatum Sw.,P A NAT,Paspalum vaginatum
7653,Phalaris aquatica L.,P,Phalaris aquatica
7656,Phalaris brachystachys Link,P,Phalaris brachystachys
7654,Phalaris canariensis L.,P A NAT,Phalaris canariensis
7658,Phalaris coerulescens Desf.,P,Phalaris coerulescens
7655,Phalaris minor Retz.,P,Phalaris minor
7657,Phalaris paradoxa L.,P,Phalaris paradoxa
7652,Phalaris truncata Guss. ex Bertol.,P,Phalaris truncata
7687,Phleum arenarium L. subsp. caesium H.Scholz,P,Phleum arenarium
7681,Phleum echinatum Host,P,Phleum echinatum
7683,Phleum hirsutum Honck.,(P),Phleum hirsutum
7685,Phleum hirsutum Honck. subsp. ambiguum (Ten.) Cif. & Giacom.,P,Phleum hirsutum
7691,Phleum nodosum L.,P,Phleum nodosum
7686,Phleum paniculatum Huds. subsp. paniculatum,P,Phleum paniculatum
7678,Phleum pratense L. subsp. pratense,P,Phleum pratense
7689,Phleum subulatum (Savi) Asch. & Graebn. subsp. subulatum,P,Phleum subulatum
7643,Phragmites australis (Cav.) Trin. ex Steud.,(P),Phragmites australis
7645,Phragmites australis (Cav.) Trin. ex Steud. subsp. altissimus (Benth.) Clayton,P,Phragmites australis
7644,Phragmites australis (Cav.) Trin. ex Steud. subsp. australis,P,Phragmites australis
7836,Phyllostachys aurea Carrière ex Rivière & C.Rivière,P A CAS,Phyllostachys aurea
7737,Piptatherum coerulescens (Desf.) P.Beauv.,P,Piptatherum coerulescens
7174,Poa annua L.,P,Poa annua
7199,Poa bivonae Parl. ex Guss.,P,Poa bivonae
9203,Poa bulbosa L.,(P),Poa bulbosa
7191,Poa bulbosa L. subsp. bulbosa,P,Poa bulbosa
7185,Poa compressa L.,P,Poa compressa
7175,Poa infirma Kunth,P,Poa infirma
12829,Poa maroccana Nannf.,P,Poa maroccana
11358,Poa nemoralis L.,(P),Poa nemoralis
7189,Poa nemoralis L. subsp. nemoralis,P,Poa nemoralis
7178,Poa pratensis L. subsp. pratensis,P,Poa pratensis
7202,Poa sylvicola Guss.,P,Poa sylvicola
7177,Poa trivialis L.,P,Poa trivialis
7607,Polypogon maritimus Willd. subsp. maritimus,P,Polypogon maritimus
7606,Polypogon monspeliensis (L.) Desf.,P,Polypogon monspeliensis
7609,Polypogon subspathaceus Req.,P,Polypogon subspathaceus
7608,Polypogon viridis (Gouan) Breistr. subsp. viridis,P,Polypogon viridis
7372,Puccinellia fasciculata (Torr.) E.P.Bicknell subsp. fasciculata,P,Puccinellia fasciculata
7553,Rostraria cristata (L.) Tzvelev,P,Rostraria cristata
7556,Rostraria hispida (Savi) Doğan,P,Rostraria hispida
7557,Rostraria litorea (All.) Holub,P,Rostraria litorea
7817,Saccharum biflorum Forssk.,P A NAT,Saccharum biflorum
7173,Sclerochloa dura (L.) P.Beauv.,P,Sclerochloa dura
7482,Secale strictum (C.Presl) C.Presl subsp. strictum,P,Secale strictum
11546,Sesleria nitida Ten.,(P),Sesleria nitida
11547,Sesleria nitida Ten. subsp. sicula Brullo & Giusso,P,Sesleria nitida
8327,Setaria adhaerens (Forssk.) Chiov.,P A NAT,Setaria adhaerens
10530,Setaria italica (L.) P.Beauv.,(P C),Setaria italica
7806,Setaria italica (L.) P.Beauv. subsp. italica,P A CAS,Setaria italica
7804,Setaria italica (L.) P.Beauv. subsp. viridis (L.) Thell.,P C,Setaria italica
7807,Setaria parviflora (Poir.) Kerguélen,P A NAT,Setaria parviflora
12733,Setaria pumila (Poir.) Roem. & Schult.,(P),Setaria pumila
7801,Setaria pumila (Poir.) Roem. & Schult. subsp. pumila,P,Setaria pumila
7802,Setaria verticillata (L.) P.Beauv.,P,Setaria verticillata
7820,Sorghum bicolor (L.) Moench subsp. bicolor,P A CAS,Sorghum bicolor
7819,Sorghum halepense (L.) Pers.,P A NAT,Sorghum halepense
7378,Sphenopus divaricatus (Gouan) Rchb. subsp. divaricatus,P,Sphenopus divaricatus
7768,Sporobolus aculeatus (L.) P.M.Peterson,P,Sporobolus aculeatus
7767,Sporobolus alopecuroides (Piller & Mitterp.) P.M.Peterson,P,Sporobolus alopecuroides
7764,Sporobolus indicus (L.) R.Br.,P A NAT,Sporobolus indicus
7693,Sporobolus pumilus (Roth) P.M.Peterson & Saarela,P A NAT,Sporobolus pumilus
7769,Sporobolus schoenoides (L.) P.M.Peterson,P,Sporobolus schoenoides
7763,Sporobolus virginicus (L.) Kunth,P,Sporobolus virginicus
8625,Stenotaphrum secundatum (Walter) Kuntze,P A CAS,Stenotaphrum secundatum
7709,Stipa austroitalica Martinovský,(P),Stipa austroitalica
7712,Stipa austroitalica Martinovský subsp. appendiculata (Čelak.) Moraldo,P,Stipa austroitalica
7716,Stipa barbata Desf. subsp. barbata,P,Stipa barbata
7718,Stipa letourneuxii Trabut subsp. letourneuxii,P,Stipa letourneuxii
7720,"Stipa sicula Moraldo, La Valva, Ricciardi & Caputo",P,Stipa sicula
9377,"Stipa valdemonensis Cataldo, S.A.Giardina, Moraldo & Raimondo",P,Stipa valdemonensis
7715,Stipellula capensis (Thunb.) Röser & H.R.Hamasha,P,Stipellula capensis
7452,Taeniatherum asperum (Simonk.) Nevski,P,Taeniatherum asperum
7475,Thinopyrum acutum (DC.) Banfi,P,Thinopyrum acutum
7477,Thinopyrum elongatum (Host) D.R.Dewey,P,Thinopyrum elongatum
7479,Thinopyrum flaccidifolium (Boiss. & Heldr.) Moustakas,P,Thinopyrum flaccidifolium
7476,Thinopyrum junceum (L.) Á.Löve,P,Thinopyrum junceum
7772,Tragus racemosus (L.) All.,P,Tragus racemosus
7814,Tricholaena teneriffae (L.f.) Link,P,Tricholaena teneriffae
7350,Tripidium ravennae (L.) H.Scholz subsp. ravennae,P,Tripidium ravennae
7559,Trisetaria aurea (Ten.) Pignatti ex Kerguélen,P,Trisetaria aurea
7562,Trisetaria panicea (Lam.) Paunero,P,Trisetaria panicea
7561,Trisetaria segetum (Savi) Soldano,P,Trisetaria segetum
7572,Trisetum flavescens (L.) P.Beauv. subsp. flavescens,P,Trisetum flavescens
11559,"Triticum ×requienii Ces., Pass. & Gibelli nothosubsp. requienii",P A CAS,Triticum ×requienii
7491,Triticum neglectum (Req. ex Bertol.) Greuter,P,Triticum neglectum
7494,Triticum triunciale (L.) Raspail subsp. triunciale,P C,Triticum triunciale
11554,Triticum turgidum L.,(P A CAS),Triticum turgidum
7485,Triticum turgidum L. subsp. durum (Desf.) Husn.,P A CAS,Triticum turgidum
7489,Triticum vagans (Jord. & Fourr.) Greuter,P,Triticum vagans
9587,Vulpiella tenuis (Tineo) Kerguélen,P,Vulpiella tenuis
3000,Polygala monspeliaca L.,P,Polygala monspeliaca
2997,Polygala myrtifolia L.,P A CAS,Polygala myrtifolia
3002,Polygala preslii Spreng.,P,Polygala preslii
389,Fallopia baldschuanica (Regel) Holub,P A NAT,Fallopia baldschuanica
387,Fallopia convolvulus (L.) Á.Löve,P,Fallopia convolvulus
388,Fallopia dumetorum (L.) Holub,P,Fallopia dumetorum
12972,Muehlenbeckia sagittifolia (Ortega) Meisn.,P A NAT,Muehlenbeckia sagittifolia
377,Persicaria amphibia (L.) Delarbre,P,Persicaria amphibia
381,Persicaria capitata (Buch.-Ham. ex D.Don.) H.Gross,P A CAS,Persicaria capitata
372,Persicaria decipiens (R.Br.) K.L.Wilson,P,Persicaria decipiens
371,Persicaria hydropiper (L.) Delarbre,P,Persicaria hydropiper
373,Persicaria lapathifolia (L.) Delarbre,P,Persicaria lapathifolia
376,Persicaria maculosa Gray,P,Persicaria maculosa
370,Persicaria mitis (Schrank) Assenov,P,Persicaria mitis
10520,Persicaria senegalensis (Meisn.) Soják,P A NAT,Persicaria senegalensis
368,Polygonum arenastrum Boreau,P,Polygonum arenastrum
364,Polygonum aviculare L. subsp. aviculare,P,Polygonum aviculare
367,Polygonum bellardii All.,P,Polygonum bellardii
357,Polygonum equisetiforme Sm.,P,Polygonum equisetiforme
361,Polygonum maritimum L.,P,Polygonum maritimum
366,Polygonum robertii Loisel.,P,Polygonum robertii
359,Polygonum romanum Jacq.,P,Polygonum romanum
365,Polygonum rurivagum Jord. ex Boreau,P,Polygonum rurivagum
409,Rumex acetosa L. subsp. acetosa,P,Rumex acetosa
396,Rumex acetosella L.,(P),Rumex acetosella
399,Rumex acetosella L. subsp. multifidus (L.) Schübl. & G.Martens,P,Rumex acetosella
398,Rumex acetosella L. subsp. pyrenaicus (Pourr. ex Lapeyr.) Akeroyd,P,Rumex acetosella
438,Rumex bucephalophorus L.,(P),Rumex bucephalophorus
439,Rumex bucephalophorus L. subsp. bucephalophorus,P,Rumex bucephalophorus
440,Rumex bucephalophorus L. subsp. gallicus (Steinh.) Rech.f.,P,Rumex bucephalophorus
423,Rumex conglomeratus Murray,P,Rumex conglomeratus
422,Rumex crispus L.,P,Rumex crispus
419,Rumex cristatus DC.,P C,Rumex cristatus
411,Rumex intermedius DC.,P,Rumex intermedius
400,Rumex lunaria L.,P A NAT,Rumex lunaria
408,Rumex nebroides Campd.,P,Rumex nebroides
431,Rumex obtusifolius L.,(P),Rumex obtusifolius
432,Rumex obtusifolius L. subsp. obtusifolius,P,Rumex obtusifolius
421,Rumex patientia L. subsp. patientia,P A CAS,Rumex patientia
426,Rumex pulcher L.,(P),Rumex pulcher
427,Rumex pulcher L. subsp. pulcher,P,Rumex pulcher
428,Rumex pulcher L. subsp. woodsii (De Not.) Arcang.,P,Rumex pulcher
424,Rumex sanguineus L.,P,Rumex sanguineus
401,Rumex scutatus L.,(P),Rumex scutatus
404,Rumex scutatus L. subsp. aetnensis (C.Presl) Cif. & Giacom.,P,Rumex scutatus
403,"Rumex scutatus L. subsp. glaucescens (Guss.) Brullo, Scelsi & Spamp.",P,Rumex scutatus
402,Rumex scutatus L. subsp. scutatus,P,Rumex scutatus
444,Rumex spinosus L.,P,Rumex spinosus
412,Rumex thyrsoides Desf.,P,Rumex thyrsoides
405,Rumex tuberosus L. subsp. tuberosus,P,Rumex tuberosus
45,Polypodium cambricum L.,P,Polypodium cambricum
47,Polypodium interjectum Shivas,P,Polypodium interjectum
7014,Pontederia crassipes Mart.,P A CAS,Pontederia crassipes
577,Portulaca grandiflora Hook.,P A NAT,Portulaca grandiflora
575,Portulaca oleracea L.,P C,Portulaca oleracea
6730,Althenia filiformis Petit subsp. filiformis,P,Althenia filiformis
6724,Groenlandia densa (L.) Fourr.,P,Groenlandia densa
6727,Posidonia oceanica (L.) Delile,P,Posidonia oceanica
6707,Potamogeton coloratus Hornem.,P,Potamogeton coloratus
6721,Potamogeton crispus L.,P,Potamogeton crispus
6710,Potamogeton gramineus L.,P,Potamogeton gramineus
6709,Potamogeton lucens L.,P,Potamogeton lucens
6705,Potamogeton natans L.,P,Potamogeton natans
6708,Potamogeton nodosus Poir.,P,Potamogeton nodosus
6713,Potamogeton perfoliatus L.,P,Potamogeton perfoliatus
6706,Potamogeton polygonifolius Pourr.,P,Potamogeton polygonifolius
6715,Potamogeton pusillus L.,P,Potamogeton pusillus
6718,Potamogeton trichoides Cham. & Schltdl.,P,Potamogeton trichoides
6722,Stuckenia filiformis (Pers.) Börner,P,Stuckenia filiformis
6723,Stuckenia pectinata (L.) Börner,P,Stuckenia pectinata
9455,"Zannichellia obtusifolia Talavera, García-Mur. & H.Smit",P,Zannichellia obtusifolia
6732,Zannichellia palustris L.,P,Zannichellia palustris
6734,Zannichellia pedunculata Rchb.,P,Zannichellia pedunculata
9741,Zannichellia peltata Bertol.,P,Zannichellia peltata
3774,Androsace elongata L. subsp. breistrofferi (Charpin & Greuter) Molero & J.M.Monts.,P,Androsace elongata
9459,Coris monspeliensis L.,(P),Coris monspeliensis
9460,Coris monspeliensis L. subsp. annua (Halàcsy & Bald.) Arrigoni,P,Coris monspeliensis
11744,Cyclamen africanum Boiss. & Reut.,P,Cyclamen africanum
3805,Cyclamen hederifolium Aiton,(P),Cyclamen hederifolium
3807,Cyclamen hederifolium Aiton subsp. confusum (Grey-Wilson) Grey-Wilson,P,Cyclamen hederifolium
3809,Cyclamen repandum Sm. subsp. repandum,P,Cyclamen repandum
3820,Lysimachia arvensis (L.) U.Manns & Anderb.,P,Lysimachia arvensis
3823,Lysimachia foemina (Mill.) U.Manns & Anderb.,P,Lysimachia foemina
3815,Lysimachia linum-stellatum L.,P,Lysimachia linum-stellatum
3816,Lysimachia minima (L.) U.Manns & Anderb.,P,Lysimachia minima
3824,Lysimachia monelli (L.) U.Manns & Anderb.,P,Lysimachia monelli
3810,Lysimachia nemorum L.,P,Lysimachia nemorum
3821,Lysimachia talaverae L.Sáez & Aymerich,P,Lysimachia talaverae
3811,Lysimachia vulgaris L.,P,Lysimachia vulgaris
11392,Primula vulgaris Huds.,(P),Primula vulgaris
3743,Primula vulgaris Huds. subsp. vulgaris,P,Primula vulgaris
3827,Samolus valerandi L.,P,Samolus valerandi
58,Adiantum capillus-veneris L.,P,Adiantum capillus-veneris
59,Anogramma leptophylla (L.) Link,P,Anogramma leptophylla
8857,Cosentinia vellea (Aiton) Tod.,(P),Cosentinia vellea
8858,Cosentinia vellea (Aiton) Tod. subsp. bivalens (Reichst.) Rivas Mart. & Salvo,P,Cosentinia vellea
60,Cosentinia vellea (Aiton) Tod. subsp. vellea,P,Cosentinia vellea
50,Oeosporangium acrosticum (Balb.) L.Sáez & Aymerich,P,Oeosporangium acrosticum
52,Oeosporangium guanchicum (Bolle) Fraser-Jenk. & Pariyar,P,Oeosporangium guanchicum
48,Oeosporangium pteridioides (Reichard) Fraser-Jenk. & Pariyar,P,Oeosporangium pteridioides
51,Oeosporangium tinaei (Tod.) Fraser-Jenk.,P,Oeosporangium tinaei
56,Pteris cretica L.,P,Pteris cretica
55,Pteris vittata L.,P,Pteris vittata
1076,Adonis annua L.,P,Adonis annua
1083,Adonis microcarpa DC. subsp. microcarpa,P,Adonis microcarpa
1046,Anemone apennina L.,P,Anemone apennina
1053,Anemone coronaria L.,P,Anemone coronaria
1051,Anemone hortensis L. subsp. hortensis,P,Anemone hortensis
1050,Anemone palmata L.,P,Anemone palmata
9838,Aquilegia sicula (Strobl) E.Nardi,P,Aquilegia sicula
1069,Clematis cirrhosa L.,P,Clematis cirrhosa
1065,Clematis flammula L.,P,Clematis flammula
1066,Clematis vitalba L.,P,Clematis vitalba
1036,Delphinium ajacis L.,P A NAT,Delphinium ajacis
1027,Delphinium emarginatum C.Presl subsp. emarginatum,P,Delphinium emarginatum
1034,Delphinium halteratum Sm. subsp. halteratum,P,Delphinium halteratum
1035,Delphinium hispanicum Willk. ex Costa,P A NAT,Delphinium hispanicum
1137,Ficaria verna Huds.,(P),Ficaria verna
1138,Ficaria verna Huds. subsp. fertilis (Lawalrée ex Laegaard) Stace,P,Ficaria verna
1140,Ficaria verna Huds. subsp. ficariiformis (F.W.Schultz) B.Walln.,P,Ficaria verna
9603,Helleborus viridis L.,(P),Helleborus viridis
994,Helleborus viridis L. subsp. bocconei (Ten.) Peruzzi,P,Helleborus viridis
1185,Myosurus minimus L.,P,Myosurus minimus
1000,Nigella arvensis L.,(P),Nigella arvensis
1002,Nigella arvensis L. subsp. glaucescens (Guss.) Greuter & Burdet,P,Nigella arvensis
1004,Nigella damascena L.,P,Nigella damascena
1005,Nigella papillosa G.López subsp. atlantica (Murb.) Amich ex G.López,P,Nigella papillosa
1113,Ranunculus angulatus C.Presl,P,Ranunculus angulatus
1174,Ranunculus aquatilis L.,P,Ranunculus aquatilis
1122,Ranunculus arvensis L.,P,Ranunculus arvensis
1173,Ranunculus baudotii Godr.,P,Ranunculus baudotii
1107,Ranunculus bulbosus L.,P,Ranunculus bulbosus
1141,Ranunculus bullatus L.,P,Ranunculus bullatus
1156,Ranunculus flammula L.,P,Ranunculus flammula
1161,Ranunculus fontanus C.Presl,P,Ranunculus fontanus
1130,Ranunculus isthmicus Boiss.,P,Ranunculus isthmicus
1088,Ranunculus lanuginosus L.,P,Ranunculus lanuginosus
1163,Ranunculus lateriflorus DC.,P,Ranunculus lateriflorus
1114,Ranunculus marginatus d'Urv.,P,Ranunculus marginatus
1133,Ranunculus millefoliatus Vahl,P,Ranunculus millefoliatus
1126,Ranunculus monspeliacus L.,(P),Ranunculus monspeliacus
1129,"Ranunculus monspeliacus L. subsp. aspromontanus (Huter, Porta & Rigo) Peruzzi & N.G.Passal.",P,Ranunculus monspeliacus
1121,Ranunculus muricatus L.,P,Ranunculus muricatus
1108,Ranunculus neapolitanus Ten.,P,Ranunculus neapolitanus
1169,Ranunculus omiophyllus Ten.,P,Ranunculus omiophyllus
1160,Ranunculus ophioglossifolius Vill.,P,Ranunculus ophioglossifolius
1132,Ranunculus paludosus Poir.,P,Ranunculus paludosus
1123,Ranunculus parviflorus L.,P,Ranunculus parviflorus
1171,Ranunculus peltatus Schrank,P,Ranunculus peltatus
1109,Ranunculus pratensis C.Presl,P,Ranunculus pratensis
1091,Ranunculus repens L.,P,Ranunculus repens
1178,Ranunculus rionii Lagger,P,Ranunculus rionii
1172,Ranunculus saniculifolius Viv.,P,Ranunculus saniculifolius
1110,Ranunculus sardous Crantz,P,Ranunculus sardous
1144,Ranunculus sceleratus L.,P,Ranunculus sceleratus
1135,Ranunculus spicatus Desf. subsp. rupestris (Guss.) Maire,P,Ranunculus spicatus
1176,Ranunculus trichophyllus Chaix,P,Ranunculus trichophyllus
1115,Ranunculus trilobus Desf.,P,Ranunculus trilobus
1089,Ranunculus velutinus Ten.,P,Ranunculus velutinus
1029,Staphisagria macrosperma Spach,P,Staphisagria macrosperma
1200,Thalictrum calabricum Spreng.,P,Thalictrum calabricum
1203,Thalictrum minus L.,(P),Thalictrum minus
1204,Thalictrum minus L. subsp. minus,P,Thalictrum minus
1692,Reseda alba L.,(P),Reseda alba
1693,Reseda alba L. subsp. alba,P,Reseda alba
1694,Reseda alba L. subsp. hookeri (Guss.) Arcang.,P,Reseda alba
1697,Reseda lutea L. subsp. lutea,P,Reseda lutea
1691,Reseda luteola L.,P,Reseda luteola
3061,Paliurus spina-christi Mill.,P,Paliurus spina-christi
3064,Rhamnus alaternus L. subsp. alaternus,P,Rhamnus alaternus
3069,Rhamnus cathartica L.,P,Rhamnus cathartica
3077,Rhamnus lojaconoi Raimondo,P,Rhamnus lojaconoi
3075,Rhamnus lycioides L. subsp. oleoides (L.) Jahand. & Maire,P,Rhamnus lycioides
3065,Rhamnus saxatilis Jacq.,P,Rhamnus saxatilis
3062,Ziziphus jujuba Mill.,P A CAS,Ziziphus jujuba
3063,Ziziphus lotus (L.) Lam. subsp. lotus,P,Ziziphus lotus
1995,Agrimonia eupatoria L. subsp. eupatoria,P,Agrimonia eupatoria
2195,Amelanchier ovalis Medik.,(P),Amelanchier ovalis
2198,Amelanchier ovalis Medik. subsp. embergeri Favarger & Stearn,P,Amelanchier ovalis
2164,Aphanes arvensis L.,P,Aphanes arvensis
2165,Aphanes australis Rydb.,P,Aphanes australis
2167,Aphanes floribunda (Murb.) Rothm.,P,Aphanes floribunda
1999,Aremonia agrimonoides (L.) DC. subsp. agrimonoides,P,Aremonia agrimonoides
2201,Cotoneaster nebrodensis (Guss.) K.Koch,P,Cotoneaster nebrodensis
2210,Crataegus azarolus L.,P A CAS,Crataegus azarolus
9832,Crataegus laciniata Ucria,P,Crataegus laciniata
2208,Crataegus monogyna Jacq.,P,Crataegus monogyna
2211,Crataegus orientalis M.Bieb.,(P),Crataegus orientalis
2213,Crataegus orientalis M.Bieb. subsp. presliana K.I.Chr.,P,Crataegus orientalis
2073,Fragaria vesca L. subsp. vesca,P,Fragaria vesca
2015,Geum urbanum L.,P,Geum urbanum
9185,Malus crescimannoi Raimondo,P,Malus crescimannoi
2174,Malus sylvestris (L.) Mill.,P,Malus sylvestris
2205,Mespilus germanica L.,P A CAS,Mespilus germanica
2025,Potentilla argentea L.,P,Potentilla argentea
2027,Potentilla calabra Ten.,P,Potentilla calabra
2056,Potentilla caulescens L.,(P),Potentilla caulescens
9257,Potentilla caulescens L. subsp. nebrodensis (Strobl ex Zimmeter) Arrigoni,P,Potentilla caulescens
2028,Potentilla inclinata Vill.,P,Potentilla inclinata
2065,Potentilla micrantha Ramond ex DC.,P,Potentilla micrantha
2041,Potentilla pedata Willd. ex Hornem.,P,Potentilla pedata
2038,Potentilla recta L.,(P),Potentilla recta
2039,Potentilla recta L. subsp. recta,P,Potentilla recta
2055,Potentilla reptans L.,P,Potentilla reptans
2005,Poterium rupiculum Boiss. & Reut.,P,Poterium rupiculum
2002,Poterium sanguisorba L.,(P),Poterium sanguisorba
2004,Poterium sanguisorba L. subsp. balearicum (Bourg. ex Nyman) Stace,P,Poterium sanguisorba
2003,Poterium sanguisorba L. subsp. sanguisorba,P,Poterium sanguisorba
2008,Poterium spinosum L.,P C,Poterium spinosum
2006,Poterium verrucosum Link ex G.Don,P,Poterium verrucosum
2219,Prunus armeniaca L.,P A CAS,Prunus armeniaca
2229,Prunus avium (L.) L.,P A CAS,Prunus avium
2230,Prunus cerasus L.,P A CAS,Prunus cerasus
2226,Prunus cocomilia Ten.,P,Prunus cocomilia
2223,Prunus domestica L.,P A CAS,Prunus domestica
2217,Prunus dulcis (Mill.) D.A.Webb,P A NAT,Prunus dulcis
2231,Prunus mahaleb L.,(P),Prunus mahaleb
2232,Prunus mahaleb L. subsp. cupaniana (Guss. ex É.Huet & A.Huet) Arcang.,P,Prunus mahaleb
9405,Prunus mahaleb L. subsp. mahaleb,P,Prunus mahaleb
2216,Prunus persica (L.) Batsch,P A CAS,Prunus persica
2222,Prunus spinosa L. subsp. spinosa,P,Prunus spinosa
2218,Prunus webbii (Spach) Vierh.,P,Prunus webbii
9225,"Pyrus castribonensis Raimondo, Schicchi & Mazzola",P,Pyrus castribonensis
9378,"Pyrus ciancioi P.Marino, Spadaro, G.Castellano & Raimondo",P,Pyrus ciancioi
9690,Pyrus communis L.,(P),Pyrus communis
9689,Pyrus communis L. subsp. communis,P A CAS,Pyrus communis
2171,Pyrus communis L. subsp. pyraster (L.) Ehrh.,P,Pyrus communis
12953,"Pyrus pedrottiana Raimondo, Venturella & Domina",P,Pyrus pedrottiana
9224,"Pyrus sicanorum Raimondo, Schicchi & P.Marino",P,Pyrus sicanorum
2169,Pyrus spinosa Forssk.,P,Pyrus spinosa
8363,Pyrus vallis-demonis Raimondo & Schicchi,P,Pyrus vallis-demonis
2193,Rhaphiolepis bibas (Lour.) Galasso & Banfi,P A CAS,Rhaphiolepis bibas
1980,Rosa balsamica Besser,P,Rosa balsamica
1972,Rosa canina L.,P,Rosa canina
1981,Rosa corymbifera Borkh.,P,Rosa corymbifera
1964,Rosa heckeliana Tratt.,P,Rosa heckeliana
1954,Rosa hermannii Burnat & Gremli,P,Rosa hermannii
1961,Rosa micrantha Borrer ex Sm.,P,Rosa micrantha
1975,Rosa pouzinii Tratt.,P,Rosa pouzinii
1953,Rosa pulverulenta M.Bieb.,P,Rosa pulverulenta
8600,Rosa rugosa Thunb.,P A CAS,Rosa rugosa
1985,Rosa sempervirens L.,P,Rosa sempervirens
1991,Rosa sicula Tratt.,P,Rosa sicula
1952,Rosa spinosissima L.,P,Rosa spinosissima
11371,Rosa squarrosa (A.Rau) Boreau,P,Rosa squarrosa
1977,Rosa subcanina (Christ) Vuk.,P,Rosa subcanina
1909,Rubus acheruntinus (Ten.) Ten.,P,Rubus acheruntinus
1918,Rubus aetneus Tornab.,P,Rubus aetneus
1917,Rubus canescens DC.,P,Rubus canescens
9868,Rubus cupanianus Guss.,P,Rubus cupanianus
1938,Rubus hirtus Waldst. & Kit. group,P,Rubus hirtus
1896,Rubus idaeus L. subsp. idaeus,P,Rubus idaeus
1907,Rubus ulmifolius Schott,P,Rubus ulmifolius
9417,Sorbus aria (L.) Crantz,P,Sorbus aria
9869,Sorbus aucuparia L.,(P),Sorbus aucuparia
9870,Sorbus aucuparia L. subsp. praemorsa (Guss.) Nyman,P,Sorbus aucuparia
9414,"Sorbus busambarensis G.Castellano, P.Marino, Raimondo & Spadaro",P,Sorbus busambarensis
2177,Sorbus domestica L.,P,Sorbus domestica
9418,Sorbus graeca (Spach) Lodd. ex S.Schauer,P,Sorbus graeca
9421,"Sorbus madoniensis Raimondo, G.Castellano, Bazan & Schicchi",P,Sorbus madoniensis
2182,Sorbus torminalis (L.) Crantz,P,Sorbus torminalis
4111,Asperula arvensis L.,P,Asperula arvensis
4109,Asperula laevigata L.,P,Asperula laevigata
4091,Crucianella angustifolia L.,P,Crucianella angustifolia
4092,Crucianella latifolia L.,P,Crucianella latifolia
4090,Crucianella maritima L.,P,Crucianella maritima
4093,Crucianella rupestris Guss.,P,Crucianella rupestris
4181,Cruciata glabra (L.) C.Bauhin ex Opiz,P,Cruciata glabra
4180,Cruciata laevipes Opiz,P,Cruciata laevipes
4184,Cruciata pedemontana (Bellardi) Ehrend.,P,Cruciata pedemontana
4094,Cynanchica aristata (L.f.) P.Caputo & Del Guacchio,(P),Cynanchica aristata
4095,Cynanchica aristata (L.f.) P.Caputo & Del Guacchio subsp. aristata,P,Cynanchica aristata
4096,Cynanchica aristata (L.f.) P.Caputo & Del Guacchio subsp. scabra (Nyman) P.Caputo & Del Guacchio,P,Cynanchica aristata
4101,Cynanchica gussonei (Boiss.) P.Caputo & Del Guacchio,P,Cynanchica gussonei
8890,"Cynanchica peloritana (C.Brullo, Brullo, Giusso & Scuderi) P.Caputo & Del Guacchio",P,Cynanchica peloritana
8333,Cynanchica pyrenaica (L.) P.Caputo & Del Guacchio,(P),Cynanchica pyrenaica
4105,Cynanchica pyrenaica (L.) P.Caputo & Del Guacchio subsp. cynanchica (L.) P.Caputo & Del Guacchio,P,Cynanchica pyrenaica
4140,Galium aetnicum Biv.,P,Galium aetnicum
4168,Galium aparine L.,P,Galium aparine
4128,Galium debile Desv.,P,Galium debile
4174,Galium divaricatum Lam.,P,Galium divaricatum
4129,Galium litorale Guss.,P,Galium litorale
4136,Galium lucidum All.,(P),Galium lucidum
4137,Galium lucidum All. subsp. lucidum,P,Galium lucidum
4138,Galium lucidum All. subsp. venustum (Jord.) Arcang.,P,Galium lucidum
4177,Galium murale (L.) All.,P,Galium murale
4119,Galium odoratum (L.) Scop.,P,Galium odoratum
8942,Galium pallidum C.Presl,P,Galium pallidum
4121,Galium palustre L.,(P),Galium palustre
4123,Galium palustre L. subsp. elongatum (C.Presl) Arcang.,P,Galium palustre
4173,Galium parisiense L.,P,Galium parisiense
4116,Galium rotundifolium L. subsp. rotundifolium,P,Galium rotundifolium
4166,Galium setaceum Lam.,P,Galium setaceum
4167,Galium spurium L.,P,Galium spurium
4169,Galium tricornutum Dandy,P,Galium tricornutum
4170,Galium verrucosum Huds.,(P),Galium verrucosum
4172,Galium verrucosum Huds. subsp. halophilum (Ponzo) Lambinon,P,Galium verrucosum
4171,Galium verrucosum Huds. subsp. verrucosum,P,Galium verrucosum
4176,Galium verticillatum Danthoine,P,Galium verticillatum
4125,Galium verum L.,(P),Galium verum
4126,Galium verum L. subsp. verum,P,Galium verum
4106,Hexaphylla rupestris (Tineo) P.Caputo & Del Guacchio,P,Hexaphylla rupestris
4088,Plocama calabrica (L.f.) M.Backlund & Thulin,P,Plocama calabrica
4189,Rubia peregrina L.,P,Rubia peregrina
4193,Rubia tinctorum L.,P A NAT,Rubia tinctorum
4089,Sherardia arvensis L.,P,Sherardia arvensis
3396,Theligonum cynocrambe L.,P,Theligonum cynocrambe
4187,Valantia calva Brullo,P,Valantia calva
4188,Valantia deltoidea Brullo,P,Valantia deltoidea
4185,Valantia hispida L.,P,Valantia hispida
4186,Valantia muralis L.,P,Valantia muralis
12833,Ruppia drepanensis Tineo ex Guss.,P,Ruppia drepanensis
6725,Ruppia maritima L.,P,Ruppia maritima
6726,Ruppia spiralis L. ex Dumort.,P,Ruppia spiralis
2987,Ruta angustifolia Pers.,P,Ruta angustifolia
2988,Ruta chalepensis L.,P,Ruta chalepensis
239,Populus ×canadensis Moench,P A NAT,Populus ×canadensis
235,Populus alba L.,P,Populus alba
236,Populus canescens (Aiton) Sm.,P,Populus canescens
240,Populus deltoides W.Bartram ex Marshall,P A NAT,Populus deltoides
9722,Populus nigra L.,(P),Populus nigra
238,Populus nigra L. subsp. nigra,P,Populus nigra
237,Populus tremula L.,P,Populus tremula
186,Salix alba L.,P,Salix alba
8259,Salix apennina A.K.Skvortsov,P,Salix apennina
211,Salix caprea L.,P,Salix caprea
205,Salix gussonei Brullo & Spamp.,P,Salix gussonei
10299,"Salix nebrodensis C.Brullo, Brullo, Cambria & Giusso",P,Salix nebrodensis
204,Salix pedicellata Desf.,P,Salix pedicellata
223,Salix purpurea L.,(P),Salix purpurea
224,Salix purpurea L. subsp. purpurea,P,Salix purpurea
144,Azolla filiculoides Lam.,P A CAS,Azolla filiculoides
310,Osyris alba L.,P,Osyris alba
324,Thesium humile Vahl,P,Thesium humile
319,Thesium parnassi A.DC.,P,Thesium parnassi
326,Viscum album L.,(P),Viscum album
327,Viscum album L. subsp. album,P,Viscum album
329,Viscum album L. subsp. austriacum (Wiesb.) Vollm.,P,Viscum album
3038,Acer campestre L.,P,Acer campestre
3043,Acer monspessulanum L. subsp. monspessulanum,P,Acer monspessulanum
3040,Acer opalus Mill.,(P),Acer opalus
3042,Acer opalus Mill. subsp. obtusatum (Waldst. & Kit. ex Willd.) Gams,P,Acer opalus
3036,Acer platanoides L.,P,Acer platanoides
3039,Acer pseudoplatanus L.,P,Acer pseudoplatanus
3045,Aesculus hippocastanum L.,P A CAS,Aesculus hippocastanum
8423,Cardiospermum grandiflorum Sw.,P A NAT,Cardiospermum grandiflorum
8689,Cardiospermum halicacabum L.,P A NAT,Cardiospermum halicacabum
8510,Koelreuteria paniculata Laxm.,P A CAS,Koelreuteria paniculata
1798,Saxifraga adscendens L.,(P),Saxifraga adscendens
1800,Saxifraga adscendens L. subsp. parnassica (Boiss. & Heldr.) Hayek,P,Saxifraga adscendens
1802,Saxifraga bulbifera L.,P,Saxifraga bulbifera
1853,Saxifraga callosa Sm. subsp. callosa,P,Saxifraga callosa
1803,Saxifraga carpetana Boiss. & Reut.,(P),Saxifraga carpetana
1805,Saxifraga carpetana Boiss. & Reut. subsp. graeca (Boiss. & Heldr.) D.A.Webb,P,Saxifraga carpetana
1806,Saxifraga granulata L. subsp. granulata,P,Saxifraga granulata
1794,Saxifraga hederacea L.,P,Saxifraga hederacea
1792,Saxifraga rotundifolia L. subsp. rotundifolia,P,Saxifraga rotundifolia
1801,Saxifraga tridactylites L.,P,Saxifraga tridactylites
4736,Buddleja davidii Franch.,P A CAS,Buddleja davidii
10726,Buddleja madagascariensis Lam.,P A CAS,Buddleja madagascariensis
9495,Myoporum insulare R.Br.,P A NAT,Myoporum insulare
4781,Scrophularia auriculata L. subsp. auriculata,P,Scrophularia auriculata
4786,Scrophularia canina L.,P,Scrophularia canina
4784,Scrophularia frutescens L.,P,Scrophularia frutescens
4777,Scrophularia peregrina L.,P,Scrophularia peregrina
4779,Scrophularia scopolii Hoppe ex Pers.,P,Scrophularia scopolii
4782,Scrophularia umbrosa Dumort. subsp. umbrosa,P,Scrophularia umbrosa
4776,Scrophularia vernalis L.,P,Scrophularia vernalis
4744,Verbascum blattaria L.,P,Verbascum blattaria
4769,Verbascum chaixii Vill.,P,Verbascum chaixii
4747,Verbascum creticum (L.) Kuntze,P,Verbascum creticum
4750,Verbascum densiflorum Bertol.,P,Verbascum densiflorum
4756,Verbascum macrurum Ten.,P,Verbascum macrurum
4749,Verbascum phlomoides L.,P,Verbascum phlomoides
4766,Verbascum pulverulentum Vill.,P,Verbascum pulverulentum
4767,Verbascum rotundifolium Ten.,P,Verbascum rotundifolium
4745,Verbascum siculum Tod. ex Lojac.,P,Verbascum siculum
4764,Verbascum sinuatum L.,P,Verbascum sinuatum
11404,Verbascum thapsus L.,(P),Verbascum thapsus
4758,Verbascum thapsus L. subsp. thapsus,P,Verbascum thapsus
13,Selaginella denticulata (L.) Spring,P,Selaginella denticulata
8610,Selaginella kraussiana (Kunze) A.Braun,P A CAS,Selaginella kraussiana
2995,Ailanthus altissima (Mill.) Swingle,P A INV,Ailanthus altissima
6972,Smilax aspera L.,P,Smilax aspera
4697,Atropa bella-donna L.,P,Atropa bella-donna
4726,Capsicum annuum L.,P A CAS,Capsicum annuum
4732,Cestrum parqui L'Hér.,P A NAT,Cestrum parqui
4730,Datura ferox L.,P A NAT,Datura ferox
4731,Datura inoxia Mill.,P A NAT,Datura inoxia
8456,Datura quercifolia Kunth,P A CAS,Datura quercifolia
4729,Datura stramonium L.,P A NAT,Datura stramonium
8810,Datura wrightii Regel,P A NAT,Datura wrightii
4700,Hyoscyamus albus L.,P,Hyoscyamus albus
4699,Hyoscyamus niger L.,P,Hyoscyamus niger
4692,Lycium europaeum L.,P C,Lycium europaeum
4693,Lycium intricatum Boiss. subsp. intricatum,P C,Lycium intricatum
12998,Lycium schweinfurthii Dammer,P,Lycium schweinfurthii
4728,Mandragora autumnalis Bertol.,P,Mandragora autumnalis
4691,Nicandra physalodes (L.) Gaertn.,P A CAS,Nicandra physalodes
4733,Nicotiana glauca Graham,P A INV,Nicotiana glauca
4734,Nicotiana tabacum L.,P A CAS,Nicotiana tabacum
4735,Petunia atkinsiana (Sweet) D.Don ex W.H.Baxter,P A CAS,Petunia atkinsiana
4703,Physalis peruviana L.,P A NAT,Physalis peruviana
4704,Physalis pubescens L.,P A NAT,Physalis pubescens
4706,Salpichroa origanifolia (Lam.) Baill.,P A NAT,Salpichroa origanifolia
11733,Solandra maxima (Sessé & Moc.) P.S.Green,P A CAS,Solandra maxima
12803,Solanum abutiloides (Griseb.) Bitter & Lillo,P A CAS,Solanum abutiloides
4714,Solanum bonariense L.,P A NAT,Solanum bonariense
4711,Solanum dulcamara L.,P,Solanum dulcamara
4716,Solanum elaeagnifolium Cav.,P A NAT,Solanum elaeagnifolium
10512,"Solanum lanceolatum Cav.
",P A NAT,Solanum lanceolatum
4715,Solanum linnaeanum Hepper & P.-M.L.Jaeger,P A NAT,Solanum linnaeanum
4725,Solanum lycopersicum L.,P A CAS,Solanum lycopersicum
4707,Solanum nigrum L.,P,Solanum nigrum
8618,Solanum pseudocapsicum L.,P A NAT,Solanum pseudocapsicum
8619,Solanum seaforthianum Andrews,P A NAT,Solanum seaforthianum
4719,Solanum sisymbriifolium Lam.,P A NAT,Solanum sisymbriifolium
4712,Solanum tuberosum L.,P A CAS,Solanum tuberosum
4708,Solanum villosum Mill.,P,Solanum villosum
4701,Withania somnifera (L.) Dunal,P A NAT,Withania somnifera
12875,Strelitzia nicolai Regel & Körn.,P A CAS,Strelitzia nicolai
9492,Talinum paniculatum (Jacq.) Gaertn.,P A CAS,Talinum paniculatum
3285,Reaumuria vermiculata L.,P,Reaumuria vermiculata
3286,Tamarix africana Poir.,P,Tamarix africana
3289,Tamarix arborea (Ehrenb.) Bunge,P,Tamarix arborea
3287,Tamarix canariensis Willd.,P,Tamarix canariensis
11804,Tamarix chinensis Lour.,P A CAS,Tamarix chinensis
3293,Tamarix dalmatica Baum,P,Tamarix dalmatica
3288,Tamarix gallica L.,P,Tamarix gallica
3290,Tamarix hampeana Boiss. & Heldr.,P,Tamarix hampeana
3292,Tamarix parviflora DC.,P A NAT,Tamarix parviflora
11803,Tamarix rosea Bunge,P A CAS,Tamarix rosea
3295,Tamarix tetragyna Ehrenb.,P C,Tamarix tetragyna
3291,Tamarix tetrandra Pall. ex M.Bieb.,P A,Tamarix tetrandra
177,Taxus baccata L.,P,Taxus baccata
71,Thelypteris palustris Schott,P,Thelypteris palustris
3140,Daphne gnidium L.,P,Daphne gnidium
3141,Daphne laureola L.,P,Daphne laureola
3146,Daphne oleoides Schreb. subsp. oleoides,P,Daphne oleoides
3147,Daphne sericea Vahl,P,Daphne sericea
3156,Thymelaea gussonei Boreau,P,Thymelaea gussonei
3152,Thymelaea hirsuta (L.) Endl.,P,Thymelaea hirsuta
3155,Thymelaea passerina (L.) Coss. & Germ.,P,Thymelaea passerina
3153,Thymelaea tartonraira (L.) All. subsp. tartonraira,P,Thymelaea tartonraira
2853,Tropaeolum majus L.,P A NAT,Tropaeolum majus
7877,Sparganium emersum Rehmann,P,Sparganium emersum
7874,Sparganium erectum L.,P,Sparganium erectum
7875,Sparganium neglectum Beeby,P,Sparganium neglectum
7881,Typha angustifolia L.,P,Typha angustifolia
7882,Typha domingensis (Pers.) Steud.,P,Typha domingensis
7885,Typha latifolia L.,P,Typha latifolia
7884,Typha laxmannii Lepech.,P,Typha laxmannii
279,Ulmus glabra Huds.,P,Ulmus glabra
280,Ulmus minor Mill.,(P),Ulmus minor
282,Ulmus minor Mill. subsp. canescens Bartolucci & Galasso,P,Ulmus minor
281,Ulmus minor Mill. subsp. minor,P,Ulmus minor
288,"Zelkova sicula Di Pasq., Garfì & Quézel",P,Zelkova sicula
308,Parietaria cretica L.,P,Parietaria cretica
305,Parietaria judaica L.,P,Parietaria judaica
306,Parietaria lusitanica L. subsp. lusitanica,P,Parietaria lusitanica
12637,Pilea microphylla (L.) Liebm.,P A CAS,Pilea microphylla
309,Soleirolia soleirolii (Req.) Dandy,P A,Soleirolia soleirolii
9535,Urtica dioica L.,P,Urtica dioica
301,Urtica membranacea Poir.,P,Urtica membranacea
302,Urtica pilulifera L.,P,Urtica pilulifera
299,Urtica rupestris Guss.,P,Urtica rupestris
300,Urtica urens L.,P,Urtica urens
5203,Centranthus calcitrapae (L.) Dufr. subsp. calcitrapae,P,Centranthus calcitrapae
5200,Centranthus ruber (L.) DC. subsp. ruber,P,Centranthus ruber
5180,Fedia graciliflora Fisch. & C.A.Mey.,P,Fedia graciliflora
5183,Valeriana tuberosa L.,P,Valeriana tuberosa
5170,Valerianella carinata Loisel.,P,Valerianella carinata
5165,Valerianella coronata (L.) DC.,P,Valerianella coronata
5172,Valerianella costata (Stev.) Betcke,P,Valerianella costata
5174,Valerianella dentata (L.) Pollich,P,Valerianella dentata
5167,Valerianella discoidea (L.) Loisel.,P,Valerianella discoidea
5173,Valerianella echinata (L.) DC.,P,Valerianella echinata
5176,Valerianella eriocarpa Desv.,P,Valerianella eriocarpa
5169,Valerianella locusta (L.) Laterr.,P,Valerianella locusta
5177,Valerianella microcarpa Loisel.,P,Valerianella microcarpa
5179,Valerianella muricata (Steven ex M.Bieb.) W.H.Baxter & Wooster,P,Valerianella muricata
5178,Valerianella puberula (Bertol. ex Guss.) DC.,P,Valerianella puberula
5166,Valerianella pumila (L.) DC.,P,Valerianella pumila
5175,Valerianella rimosa Bastard,P,Valerianella rimosa
5168,Valerianella vesicaria (L.) Moench,P,Valerianella vesicaria
4393,Aloysia citrodora Paláu,P A CAS,Aloysia citrodora
8489,Glandularia tenera (Spreng.) Cabrera,P A CAS,Glandularia tenera
4388,Lantana camara L.,(P A NAT),Lantana camara
11035,Lantana camara L. subsp. aculeata (L.) R.W.Sanders,P A NAT,Lantana camara
11578,Lantana depressa Small,P A CAS,Lantana depressa
11601,Lippia alba (Mill.) N.E.Br. ex Britton & P.Wilson,P A CAS,Lippia alba
4395,Phyla canescens (Kunth) Greene,P A NAT,Phyla canescens
4394,Phyla nodiflora (L.) Greene,P A NAT,Phyla nodiflora
4392,Verbena bonariensis L.,P A CAS,Verbena bonariensis
4389,Verbena officinalis L.,P,Verbena officinalis
4390,Verbena supina L.,P,Verbena supina
5141,Sambucus ebulus L.,P,Sambucus ebulus
5142,Sambucus nigra L.,P,Sambucus nigra
5146,Viburnum tinus L. subsp. tinus,P,Viburnum tinus
3193,Viola aethnensis (Ging. & DC.) Strobl,(P),Viola aethnensis
3194,Viola aethnensis (Ging. & DC.) Strobl subsp. aethnensis,P,Viola aethnensis
3195,Viola aethnensis (Ging. & DC.) Strobl subsp. messanensis (W.Becker) Merxm. & Lippert,P,Viola aethnensis
3163,Viola alba Besser,(P),Viola alba
3165,Viola alba Besser subsp. dehnhardtii (Ten.) W.Becker,P,Viola alba
3212,Viola arvensis Murray,P,Viola arvensis
3216,Viola hymettia Boiss. & Heldr.,P,Viola hymettia
3197,Viola nebrodensis C.Presl,P,Viola nebrodensis
3161,Viola odorata L.,P,Viola odorata
3217,Viola parvula Tineo,P,Viola parvula
3172,Viola reichenbachiana Jord. ex Boreau,P,Viola reichenbachiana
3173,Viola riviniana Rchb.,P,Viola riviniana
3224,Viola tineoorum Erben & Raimondo,P,Viola tineoorum
3225,Viola ucriana Erben & Raimondo,P,Viola ucriana
3085,Parthenocissus quinquefolia (L.) Planch.,P A CAS,Parthenocissus quinquefolia
3086,Parthenocissus tricuspidata (Siebold & Zucc.) Planch.,P A CAS,Parthenocissus tricuspidata
10298,"Vitis ×goliath Ardenghi, Galasso & Banfi",P A NAT,Vitis ×goliath
9281,"Vitis ×instabilis Ardenghi, Galasso, Banfi & Lastrucci",P A INV,Vitis ×instabilis
9282,"Vitis ×koberi Ardenghi, Galasso, Banfi & Lastrucci",P A INV,Vitis ×koberi
9747,"Vitis ×ruggerii Ardenghi, Galasso, Banfi & Lastrucci",P A INV,Vitis ×ruggerii
3083,Vitis labrusca L.,P A NAT,Vitis labrusca
8371,Vitis rupestris Scheele,P A INV,Vitis rupestris
3080,Vitis vinifera L.,P,Vitis vinifera
6729,Nanozostera noltei (Hornem.) Toml. & Posl.,P,Nanozostera noltei
6728,Zostera marina L.,P,Zostera marina
2855,Fagonia cretica L.,P,Fagonia cretica
2857,Tribulus terrestris L.,P,Tribulus terrestris
